Geo Point,Geo Shape,infobulle,nom,num_station,nb_bornettes,en_service,rue,mot_directeur,no,nrivoli,commune,code_insee,locations_2016
" 43.60130697376954,1.4520803044765396","{""coordinates"": [[1.45208030447654, 43.60130697376954]], ""type"": ""MultiPoint""}",23 - MONUMENT AUX COMBATTANTS Nombre bornettes : 24 adresse : 6 BD LAZARE CARNOT En service : oui,MONUMENT AUX COMBATTANTS,23,24,oui,BD LAZARE CARNOT,CARNOT (BD LAZARE CARNOT),6,3105555132,Toulouse,31555,31390
" 43.60326964997832,1.4455080837757601","{""coordinates"": [[1.44550808377576, 43.60326964997832]], ""type"": ""MultiPoint""}",3 - POMME Nombre bornettes : 19 adresse : 62 RUE DE LA POMME En service : oui,POMME,3,19,oui,RUE DE LA POMME,POMME (RUE DE LA POMME),62,3105556988,Toulouse,31555,63413
" 43.60507825200865,1.4373141330092754","{""coordinates"": [[1.437314133009275, 43.60507825200865]], ""type"": ""MultiPoint""}",29 - VALADE Nombre bornettes : 19 adresse : 31 RUE VALADE En service : oui,VALADE,29,19,oui,RUE VALADE,VALADE (RUE VALADE),31,3105558676,Toulouse,31555,46812
" 43.607603862608514,1.4413060007061607","{""coordinates"": [[1.441306000706161, 43.607603862608514]], ""type"": ""MultiPoint""}",32 - MUSEE ST RAYMOND Nombre bornettes : 12 adresse : 8 RUE DES TROIS RENARDS En service : oui,MUSEE ST RAYMOND,32,12,oui,RUE DES TROIS RENARDS,RENARDS (RUE DES TROIS RENARDS),8,3105558616,Toulouse,31555,19251
" 43.60904078161394,1.4410996711533108","{""coordinates"": [[1.441099671153311, 43.60904078161394]], ""type"": ""MultiPoint""}",55 - SAINT SERNIN -  GATIEN ARNOULT Nombre bornettes : 13 adresse : 2 RUE GATIEN ARNOULT En service : oui,SAINT SERNIN -  GATIEN ARNOULT,55,13,oui,RUE GATIEN ARNOULT,ARNOULT (RUE GATIEN ARNOULT),2,3105553780,Toulouse,31555,11928
" 43.59798992215401,1.4429118117294708","{""coordinates"": [[1.442911811729471, 43.59798992215401]], ""type"": ""MultiPoint""}",26 - DALBADE - DE GORSSE Nombre bornettes : 21 adresse : 9 RUE HENRY DE GORSSE En service : oui,DALBADE - DE GORSSE,26,21,oui,RUE HENRY DE GORSSE,GORSSE (RUE HENRY DE GORSSE),9,3105554132,Toulouse,31555,24693
" 43.59967605127942,1.4293713557623096","{""coordinates"": [[1.42937135576231, 43.59967605127942]], ""type"": ""MultiPoint""}",80 - FITTE - VARSI Nombre bornettes : 23 adresse : 89B ALL CHARLES DE FITTE En service : oui,FITTE - VARSI,80,23,oui,ALL CHARLES DE FITTE,FITTE (ALL CHARLES DE FITTE),89B,3105551920,Toulouse,31555,21704
" 43.606136317082566,1.4413506479475464","{""coordinates"": [[1.441350647947546, 43.606136317082566]], ""type"": ""MultiPoint""}",13 - LOIS -  ESQUILE Nombre bornettes : 15 adresse : 1 RUE DE L ESQUILE En service : oui,LOIS -  ESQUILE,13,15,oui,RUE DE L ESQUILE,ESQUILE (RUE DE L ESQUILE),1,3105553080,Toulouse,31555,24543
" 43.613434994007655,1.4464126267958934","{""coordinates"": [[1.446412626795893, 43.613434994007655]], ""type"": ""MultiPoint""}",59 - CONCORDE -  PRINTEMPS Nombre bornettes : 18 adresse : 61 RUE DE LA CONCORDE En service : oui,CONCORDE -  PRINTEMPS,59,18,oui,RUE DE LA CONCORDE,CONCORDE (RUE DE LA CONCORDE),61,3105552256,Toulouse,31555,22849
" 43.60418432780345,1.4454049747785203","{""coordinates"": [[1.44540497477852, 43.60418432780345]], ""type"": ""MultiPoint""}",1 - POIDS DE L'HUILE Nombre bornettes : 20 adresse : 12 RUE DU POIDS DE L HUILE En service : oui,POIDS DE L'HUILE,1,20,oui,RUE DU POIDS DE L HUILE,HUILE (RUE DU POIDS DE L HUILE),12,3105556972,Toulouse,31555,44300
" 43.6056186701453,1.4344925591176299","{""coordinates"": [[1.43449255911763, 43.6056186701453]], ""type"": ""MultiPoint""}",51 - DUPORTAL - CANAL DE BRIENNE Nombre bornettes : 18 adresse : 1 BD ARMAND DUPORTAL En service : oui,DUPORTAL - CANAL DE BRIENNE,51,18,oui,BD ARMAND DUPORTAL,DUPORTAL (BD ARMAND DUPORTAL),1,3105550492,Toulouse,31555,27068
" 43.61695976109034,1.4542674265718871","{""coordinates"": [[1.454267426571887, 43.61695976109034]], ""type"": ""MultiPoint""}",126 - ECOLE BONNEFOY Nombre bornettes : 20 adresse : 18 RUE DU FAUBOURG BONNEFOY En service : oui,ECOLE BONNEFOY,126,20,oui,RUE DU FAUBOURG BONNEFOY,BONNEFOY (RUE DU FAUBOURG BONNEFOY),18,3105553204,Toulouse,31555,26110
" 43.614227785785026,1.438043268300887","{""coordinates"": [[1.438043268300887, 43.614227785785026]], ""type"": ""MultiPoint""}",110 - SERRES -  CABANEL Nombre bornettes : 18 adresse : 16 RUE ALEXANDRE CABANEL En service : oui,SERRES -  CABANEL,110,18,oui,RUE ALEXANDRE CABANEL,CABANEL (RUE ALEXANDRE CABANEL),16,3105550148,Toulouse,31555,12388
" 43.59171909856627,1.4186301057935085","{""coordinates"": [[1.418630105793508, 43.59171909856627]], ""type"": ""MultiPoint""}",140 - EMILE MALE Nombre bornettes : 18 adresse : 4 PL EMILE MALE En service : oui,EMILE MALE,140,18,oui,PL EMILE MALE,MALE (PL EMILE MALE),4,3105552988,Toulouse,31555,23258
" 43.58167217373506,1.413635754695333","{""coordinates"": [[1.413635754695333, 43.58167217373506]], ""type"": ""MultiPoint""}",143 - DESBALS SAINTONGE Nombre bornettes : 20 adresse : 145 RUE HENRI DESBALS En service : oui,DESBALS SAINTONGE,143,20,oui,RUE HENRI DESBALS,DESBALS (RUE HENRI DESBALS),145,3105554140,Toulouse,31555,4457
" 43.615972635822985,1.4216112947922137","{""coordinates"": [[1.421611294792214, 43.615972635822985]], ""type"": ""MultiPoint""}",144 - SUISSE LAUSANNE Nombre bornettes : 20 adresse : 62 BD DE SUISSE En service : oui,SUISSE LAUSANNE,144,20,oui,BD DE SUISSE,SUISSE (BD DE SUISSE),62,3105558336,Toulouse,31555,13130
" 43.58992902675633,1.441761110275804","{""coordinates"": [[1.441761110275804, 43.58992902675633]], ""type"": ""MultiPoint""}",154 - HOTEL DE REGION Nombre bornettes : 20 adresse : 4 RUE DES GALLOIS En service : oui,HOTEL DE REGION,154,20,oui,RUE DES GALLOIS,GALLOIS (RUE DES GALLOIS),4,3105553688,Toulouse,31555,16507
" 43.58291643555796,1.4485962627908864","{""coordinates"": [[1.448596262790886, 43.58291643555796]], ""type"": ""MultiPoint""}",157 - URSS RECOLLETS Nombre bornettes : 18 adresse : 16B AV DE L URSS En service : oui,URSS RECOLLETS,157,18,oui,AV DE L URSS,URSS (AV DE L URSS),16B,3105558660,Toulouse,31555,10628
" 43.58157246975896,1.4624201759885416","{""coordinates"": [[1.462420175988542, 43.58157246975896]], ""type"": ""MultiPoint""}",163 - BEDOUCE CANAL DU MIDI Nombre bornettes : 20 adresse : 115 AV ALBERT BEDOUCE En service : oui,BEDOUCE CANAL DU MIDI,163,20,oui,AV ALBERT BEDOUCE,BEDOUCE (AV ALBERT BEDOUCE),115,3105550112,Toulouse,31555,12826
" 43.576865801048505,1.4601361685832972","{""coordinates"": [[1.460136168583297, 43.576865801048505]], ""type"": ""MultiPoint""}",165 - AVIONS LIBELLULES Nombre bornettes : 15 adresse : 35 AV DES AVIONS En service : oui,AVIONS LIBELLULES,165,15,oui,AV DES AVIONS,AVIONS (AV DES AVIONS),35,3105550732,Toulouse,31555,3010
" 43.62658653477858,1.4587742473841019","{""coordinates"": [[1.458774247384102, 43.62658653477858]], ""type"": ""MultiPoint""}",168 - BILA Nombre bornettes : 15 adresse : 1 PL BILA En service : oui,BILA,168,15,oui,PL BILA,BILA (PL BILA),1,3105551168,Toulouse,31555,5812
" 43.636920633987685,1.4526780553887346","{""coordinates"": [[1.452678055388735, 43.636920633987685]], ""type"": ""MultiPoint""}",174 - BOURGES MAUNOURY MELAT Nombre bornettes : 20 adresse : 41 AV MAURICE BOURGES MAUNOURY En service : oui,BOURGES MAUNOURY MELAT,174,20,oui,AV MAURICE BOURGES MAUNOURY,MAUNOURY (AV MAURICE BOURGES MAUNOURY),41,3105555789,Toulouse,31555,3169
" 43.592964433017094,1.4453059471911875","{""coordinates"": [[1.445305947191188, 43.592964433017094]], ""type"": ""MultiPoint""}",68 - METRO PALAIS DE JUSTICE Nombre bornettes : 18 adresse : 3 ALL JULES GUESDE En service : oui,METRO PALAIS DE JUSTICE,68,18,oui,ALL JULES GUESDE,GUESDE (ALL JULES GUESDE),3,3105554812,Toulouse,31555,53852
" 43.591489427811844,1.4700171140881817","{""coordinates"": [[1.470017114088182, 43.591489427811844]], ""type"": ""MultiPoint""}",199 - DELTOUR RIEUX Nombre bornettes : 20 adresse : 4 BD DELTOUR En service : oui,DELTOUR RIEUX,199,20,oui,BD DELTOUR,DELTOUR (BD DELTOUR),4,3105552580,Toulouse,31555,3408
" 43.5816739003964,1.4758536247456515","{""coordinates"": [[1.475853624745652, 43.5816739003964]], ""type"": ""MultiPoint""}",202 - SAINT EXUPERY ECOLE COURREGE Nombre bornettes : 17 adresse : 165 AV ANTOINE DE ST EXUPERY En service : oui,SAINT EXUPERY ECOLE COURREGE,202,17,oui,AV ANTOINE DE ST EXUPERY,EXUPERY (AV ANTOINE DE ST EXUPERY),165,3105557772,Toulouse,31555,2853
" 43.58354332226372,1.4700607548463518","{""coordinates"": [[1.470060754846352, 43.58354332226372]], ""type"": ""MultiPoint""}",203 - PETIT PRINCE SAINT EXUPERY Nombre bornettes : 20 adresse : 2 AV DU PETIT PRINCE En service : oui,PETIT PRINCE SAINT EXUPERY,203,20,oui,AV DU PETIT PRINCE,PRINCE (AV DU PETIT PRINCE),2,3105556790,Toulouse,31555,8084
" 43.58685802415613,1.4631843593457772","{""coordinates"": [[1.463184359345777, 43.58685802415613]], ""type"": ""MultiPoint""}",204 - PL ROGER ARNAUD Nombre bornettes : 18 adresse : 1 PL ROGER ARNAUD En service : oui,PL ROGER ARNAUD,204,18,oui,PL ROGER ARNAUD,ARNAUD (PL ROGER ARNAUD),1,3105557568,Toulouse,31555,15185
" 43.58335490556918,1.4819481791187388","{""coordinates"": [[1.481948179118739, 43.58335490556918]], ""type"": ""MultiPoint""}",207 - CHRIST ROI Nombre bornettes : 17 adresse : 25 RUE DE L AUDE En service : oui,CHRIST ROI,207,17,oui,RUE DE L AUDE,AUDE (RUE DE L AUDE),25,3105550616,Toulouse,31555,655
" 43.623824124925335,1.4759397558737375","{""coordinates"": [[1.475939755873737, 43.623824124925335]], ""type"": ""MultiPoint""}",215 - METRO ARGOULETS Nombre bornettes : 20 adresse : 8 RUE DE GAILLAC En service : oui,METRO ARGOULETS,215,20,oui,RUE DE GAILLAC,GAILLAC (RUE DE GAILLAC),8,3105553668,Toulouse,31555,7379
" 43.60416194231938,1.407264606636008","{""coordinates"": [[1.407264606636008, 43.60416194231938]], ""type"": ""MultiPoint""}",226 - FONTAINES CASSELARDIT Nombre bornettes : 17 adresse : 292 RUE DES FONTAINES En service : oui,FONTAINES CASSELARDIT,226,17,oui,RUE DES FONTAINES,FONTAINES (RUE DES FONTAINES),292,3105553380,Toulouse,31555,9078
" 43.56735438979347,1.4677836153555828","{""coordinates"": [[1.467783615355583, 43.56735438979347]], ""type"": ""MultiPoint""}",230 - RANGUEIL TRIPODE B Nombre bornettes : 20 adresse : 141 AV DE RANGUEIL En service : oui,RANGUEIL TRIPODE B,230,20,oui,AV DE RANGUEIL,RANGUEIL (AV DE RANGUEIL),141,3105557268,Toulouse,31555,11427
" 43.579336999926696,1.4730825256546074","{""coordinates"": [[1.473082525654607, 43.579336999926696]], ""type"": ""MultiPoint""}",238 - BUTTE HERBETTES Nombre bornettes : 17 adresse : 50 CHE DE LA BUTTE En service : oui,BUTTE HERBETTES,238,17,oui,CHE DE LA BUTTE,BUTTE (CHE DE LA BUTTE),50,3105551468,Toulouse,31555,2654
" 43.63272224639691,1.4317488830260523","{""coordinates"": [[1.431748883026052, 43.63272224639691]], ""type"": ""MultiPoint""}",243 - ETATS UNIS FERRY Nombre bornettes : 18 adresse : 96 AV DES ETATS UNIS En service : oui,ETATS UNIS FERRY,243,18,oui,AV DES ETATS UNIS,UNIS (AV DES ETATS UNIS),96,3105553104,Toulouse,31555,3459
" 43.566478296736996,1.4752688693036666","{""coordinates"": [[1.475268869303667, 43.566478296736996]], ""type"": ""MultiPoint""}",224 - BELIN SUP AERO Nombre bornettes : 20 adresse : 10 AV EDOUARD BELIN En service : oui,BELIN SUP AERO,224,20,oui,AV EDOUARD BELIN,BELIN (AV EDOUARD BELIN),10,3105552894,Toulouse,31555,6254
" 43.611543735676825,1.414538219661377","{""coordinates"": [[1.414538219661377, 43.611543735676825]], ""type"": ""MultiPoint""}",131 - BERNIES POSTE Nombre bornettes : 18 adresse : 15 RTE DE BLAGNAC En service : oui,BERNIES POSTE,131,18,oui,RTE DE BLAGNAC,BLAGNAC (RTE DE BLAGNAC),15,3105551180,Toulouse,31555,9070
" 43.64495995364993,1.433795957304996","{""coordinates"": [[1.433795957304996, 43.64495995364993]], ""type"": ""MultiPoint""}",260 - DUCLOS Nombre bornettes : 18 adresse :  RUE LEONCE DUCLOS En service : oui,DUCLOS,260,18,oui,RUE LEONCE DUCLOS,DUCLOS (RUE LEONCE DUCLOS),,,Toulouse,31555,1929
" 43.59643575219872,1.4839754223612966","{""coordinates"": [[1.483975422361297, 43.59643575219872]], ""type"": ""MultiPoint""}",256 - ROTONDE Nombre bornettes : 0 adresse :  AV DE CASTRES En service : oui,ROTONDE,256,0,oui,AV DE CASTRES,CASTRES (AV DE CASTRES),,,Toulouse,31555,1254
" 43.57390788956854,1.4485524006761905","{""coordinates"": [[1.448552400676191, 43.57390788956854]], ""type"": ""MultiPoint""}",280 - CHARBONNIÈRE Nombre bornettes : 0 adresse :  RUE DE LA CHARBONNIERE En service : oui,CHARBONNIÈRE,280,0,oui,RUE DE LA CHARBONNIERE,CHARBONNIERE (RUE DE LA CHARBONNIERE),,,Toulouse,31555,7083
" 43.57873623622179,1.4467475124028994","{""coordinates"": [[1.446747512402899, 43.57873623622179]], ""type"": ""MultiPoint""}",281 - NIEL Nombre bornettes : 0 adresse :  RUE SAINT ROCH En service : oui,NIEL,281,0,oui,RUE SAINT ROCH,ROCH (RUE SAINT ROCH),,,Toulouse,31555,9624
" 43.57369439838396,1.413988101976132","{""coordinates"": [[1.413988101976132, 43.57369439838396]], ""type"": ""MultiPoint""}",266 - TOURAINE Nombre bornettes : 0 adresse :  RUE DE LA TOURAINE En service : oui,TOURAINE,266,0,oui,RUE DE LA TOURAINE,TOURAINE (RUE DE LA TOURAINE),,,Toulouse,31555,2324
" 43.58544179915101,1.377265720307528","{""coordinates"": [[1.377265720307528, 43.58544179915101]], ""type"": ""MultiPoint""}",277 - ZAMENHOF Nombre bornettes : 0 adresse :  ALL DU DR LEJZER L ZAMENHOF En service : oui,ZAMENHOF,277,0,oui,ALL DU DR LEJZER L ZAMENHOF,ZAMENHOF (ALL DU DR LEJZER L ZAMENHOF),,,Toulouse,31555,1275
" 43.59904509316443,1.4403989200576075","{""coordinates"": [[1.440398920057608, 43.59904509316443]], ""type"": ""MultiPoint""}",27 - QUAI DE TOUNIS Nombre bornettes : 22 adresse : 122B QU DE TOUNIS En service : oui,QUAI DE TOUNIS,27,22,oui,QU DE TOUNIS,TOUNIS (QU DE TOUNIS),122B,3105558520,Toulouse,31555,17311
" 43.59952262539103,1.445472504499364","{""coordinates"": [[1.445472504499364, 43.59952262539103]], ""type"": ""MultiPoint""}",25 - PLACE ROUAIX Nombre bornettes : 17 adresse : 1 RUE DES TOURNEURS En service : oui,PLACE ROUAIX,25,17,oui,RUE DES TOURNEURS,TOURNEURS (RUE DES TOURNEURS),1,3105558536,Toulouse,31555,42992
" 43.60163092959263,1.4560813392249272","{""coordinates"": [[1.456081339224927, 43.60163092959263]], ""type"": ""MultiPoint""}",42 - DAURIAC - ESCANDE Nombre bornettes : 23 adresse : 3 BD PR LEOPOLD ESCANDE En service : oui,DAURIAC - ESCANDE,42,23,oui,BD PR LEOPOLD ESCANDE,ESCANDE (BD PR LEOPOLD ESCANDE),3,3105557151,Toulouse,31555,13160
" 43.592660825466815,1.4431472070944193","{""coordinates"": [[1.443147207094419, 43.592660825466815]], ""type"": ""MultiPoint""}",69 - FEUGA Nombre bornettes : 20 adresse : 11 ALL PAUL FEUGA En service : oui,FEUGA,69,20,oui,ALL PAUL FEUGA,FEUGA (ALL PAUL FEUGA),11,3105556620,Toulouse,31555,15693
" 43.59628578772598,1.4471290911919945","{""coordinates"": [[1.447129091191995, 43.59628578772598]], ""type"": ""MultiPoint""}",45 - OZENNE - NAZARETH Nombre bornettes : 19 adresse : 10 RUE THEODORE OZENNE En service : oui,OZENNE - NAZARETH,45,19,oui,RUE THEODORE OZENNE,OZENNE (RUE THEODORE OZENNE),10,3105556448,Toulouse,31555,25064
" 43.6092360367761,1.4320171728851596","{""coordinates"": [[1.43201717288516, 43.6092360367761]], ""type"": ""MultiPoint""}",87 - LASCROSSES -  LECLERC Nombre bornettes : 26 adresse : 47 BD LASCROSSES En service : oui,LASCROSSES -  LECLERC,87,26,oui,BD LASCROSSES,LASCROSSES (BD LASCROSSES),47,3105555080,Toulouse,31555,24804
" 43.60687554472548,1.4307206328281217","{""coordinates"": [[1.430720632828122, 43.60687554472548]], ""type"": ""MultiPoint""}",85 - LECLERC -  BARCELONE Nombre bornettes : 20 adresse : 2 BD DU MARECHAL LECLERC En service : oui,LECLERC -  BARCELONE,85,20,oui,BD DU MARECHAL LECLERC,LECLERC (BD DU MARECHAL LECLERC),2,3105555656,Toulouse,31555,32145
" 43.605819066510904,1.4528355993451738","{""coordinates"": [[1.452835599345174, 43.605819066510904]], ""type"": ""MultiPoint""}",39 - PLACE DE DAMLOUP Nombre bornettes : 19 adresse : 2 PL DE DAMLOUP En service : oui,PLACE DE DAMLOUP,39,19,oui,PL DE DAMLOUP,DAMLOUP (PL DE DAMLOUP),2,3105552480,Toulouse,31555,25408
" 43.608686488291546,1.4394480894786024","{""coordinates"": [[1.439448089478602, 43.608686488291546]], ""type"": ""MultiPoint""}",54 - CHAINE Nombre bornettes : 18 adresse : 10 RUE DE LA CHAINE En service : oui,CHAINE,54,18,oui,RUE DE LA CHAINE,CHAINE (RUE DE LA CHAINE),10,3105551844,Toulouse,31555,15522
" 43.60629171253813,1.4482291525432185","{""coordinates"": [[1.448229152543218, 43.60629171253813]], ""type"": ""MultiPoint""}",18 - STRASBOURG - JAURES Nombre bornettes : 24 adresse : 4 BD DE STRASBOURG En service : oui,STRASBOURG - JAURES,18,24,oui,BD DE STRASBOURG,STRASBOURG (BD DE STRASBOURG),4,3105558328,Toulouse,31555,40602
" 43.609596055990096,1.4460878230204013","{""coordinates"": [[1.446087823020401, 43.609596055990096]], ""type"": ""MultiPoint""}",34 - SAINT LAZARE Nombre bornettes : 17 adresse : 2 PETITE-RUE SAINT LAZARE En service : oui,SAINT LAZARE,34,17,oui,PETITE-RUE SAINT LAZARE,LAZARE (PETITE-RUE SAINT LAZARE),2,3105557876,Toulouse,31555,25102
" 43.58763878383554,1.4598495051968858","{""coordinates"": [[1.459849505196886, 43.58763878383554]], ""type"": ""MultiPoint""}",98 - PONT DES DEMOISELLES Nombre bornettes : 20 adresse : 80 ALL DES DEMOISELLES En service : oui,PONT DES DEMOISELLES,98,20,oui,ALL DES DEMOISELLES,DEMOISELLES (ALL DES DEMOISELLES),80,3105552584,Toulouse,31555,24582
" 43.603214498605915,1.4481293501875598","{""coordinates"": [[1.44812935018756, 43.603214498605915]], ""type"": ""MultiPoint""}",8 - ESPACE SAINT GEORGES Nombre bornettes : 24 adresse : 19 RUE PAUL VIDAL En service : oui,ESPACE SAINT GEORGES,8,24,oui,RUE PAUL VIDAL,VIDAL (RUE PAUL VIDAL),19,3105556660,Toulouse,31555,26973
" 43.59513943132659,1.4325453705565607","{""coordinates"": [[1.432545370556561, 43.59513943132659]], ""type"": ""MultiPoint""}",72 - FITTE -  CUGNAUX Nombre bornettes : 18 adresse : 23 ALL CHARLES DE FITTE En service : oui,FITTE -  CUGNAUX,72,18,oui,ALL CHARLES DE FITTE,FITTE (ALL CHARLES DE FITTE),23,3105551920,Toulouse,31555,8168
" 43.59778077938033,1.4316173508821712","{""coordinates"": [[1.431617350882171, 43.59778077938033]], ""type"": ""MultiPoint""}",77 - PLACE INT SAINT CYPRIEN Nombre bornettes : 13 adresse : 2 PL INTERIEURE ST CYPRIEN En service : oui,PLACE INT SAINT CYPRIEN,77,13,oui,PL INTERIEURE ST CYPRIEN,CYPRIEN (PL INTERIEURE ST CYPRIEN),2,3105554336,Toulouse,31555,22923
" 43.596622708308736,1.455607575263943","{""coordinates"": [[1.455607575263943, 43.596622708308736]], ""type"": ""MultiPoint""}",100 - SABATIER - PORT ST SAUVEUR Nombre bornettes : 19 adresse : 16 ALL PAUL SABATIER En service : oui,SABATIER - PORT ST SAUVEUR,100,19,oui,ALL PAUL SABATIER,SABATIER (ALL PAUL SABATIER),16,3105556644,Toulouse,31555,20947
" 43.608009934435806,1.4286028685577092","{""coordinates"": [[1.428602868557709, 43.608009934435806]], ""type"": ""MultiPoint""}",86 - HERACLES - BEARNAIS Nombre bornettes : 18 adresse : 23 RUE DU BEARNAIS En service : oui,HERACLES - BEARNAIS,86,18,oui,RUE DU BEARNAIS,BEARNAIS (RUE DU BEARNAIS),23,3105550948,Toulouse,31555,23761
" 43.60456722436907,1.4537172234681115","{""coordinates"": [[1.453717223468111, 43.60456722436907]], ""type"": ""MultiPoint""}",40 - COLOMBETTE Nombre bornettes : 17 adresse : 41 RUE DE LA COLOMBETTE En service : oui,COLOMBETTE,40,17,oui,RUE DE LA COLOMBETTE,COLOMBETTE (RUE DE LA COLOMBETTE),41,3105552192,Toulouse,31555,32715
" 43.60889618980381,1.4530070197966984","{""coordinates"": [[1.453007019796698, 43.60889618980381]], ""type"": ""MultiPoint""}",62 - JAURES  -  STALINGRAD Nombre bornettes : 23 adresse : 71T ALL JEAN JAURES En service : oui,JAURES  -  STALINGRAD,62,23,oui,ALL JEAN JAURES,JAURES (ALL JEAN JAURES),71T,3105554600,Toulouse,31555,9358
" 43.6062040231979,1.4549104737361618","{""coordinates"": [[1.454910473736162, 43.6062040231979]], ""type"": ""MultiPoint""}",64 - PERI -  MERCADIER Nombre bornettes : 18 adresse : 30 RUE GABRIEL PERI En service : oui,PERI -  MERCADIER,64,18,oui,RUE GABRIEL PERI,PERI (RUE GABRIEL PERI),30,3105553660,Toulouse,31555,18230
" 43.59264356975569,1.4339100837425496","{""coordinates"": [[1.43391008374255, 43.59264356975569]], ""type"": ""MultiPoint""}",70 - PLACE DU FER A CHEVAL Nombre bornettes : 18 adresse : 5 PL DU FER A CHEVAL En service : oui,PLACE DU FER A CHEVAL,70,18,oui,PL DU FER A CHEVAL,CHEVAL (PL DU FER A CHEVAL),5,3105553240,Toulouse,31555,18744
" 43.59691500140082,1.4262199584410356","{""coordinates"": [[1.426219958441036, 43.59691500140082]], ""type"": ""MultiPoint""}",117 - BILLIERES - POSTE Nombre bornettes : 17 adresse : 39 AV ETIENNE BILLIERES En service : oui,BILLIERES - POSTE,117,17,oui,AV ETIENNE BILLIERES,BILLIERES (AV ETIENNE BILLIERES),39,3105553116,Toulouse,31555,11507
" 43.61229308975385,1.4288301699175348","{""coordinates"": [[1.428830169917535, 43.61229308975385]], ""type"": ""MultiPoint""}",108 - SEBASTOPOL -  RITAY Nombre bornettes : 20 adresse : 9 RUE DE SEBASTOPOL En service : oui,SEBASTOPOL -  RITAY,108,20,oui,RUE DE SEBASTOPOL,SEBASTOPOL (RUE DE SEBASTOPOL),9,3105558204,Toulouse,31555,16641
" 43.58994543753398,1.432193516586127","{""coordinates"": [[1.432193516586127, 43.58994543753398]], ""type"": ""MultiPoint""}",104 - MURET -  BARTHERE Nombre bornettes : 20 adresse : 223B AV DE MURET En service : oui,MURET -  BARTHERE,104,20,oui,AV DE MURET,MURET (AV DE MURET),223B,3105556160,Toulouse,31555,15339
" 43.58734724816156,1.4179037735718245","{""coordinates"": [[1.417903773571825, 43.58734724816156]], ""type"": ""MultiPoint""}",141 - METRO FONTAINE LESTANG Nombre bornettes : 20 adresse : 239 RUE HENRI DESBALS En service : oui,METRO FONTAINE LESTANG,141,20,oui,RUE HENRI DESBALS,DESBALS (RUE HENRI DESBALS),239,3105554140,Toulouse,31555,4767
" 43.61560261908849,1.428363742120967","{""coordinates"": [[1.428363742120967, 43.61560261908849]], ""type"": ""MultiPoint""}",146 - SANG DE SERP DAGNAUX Nombre bornettes : 20 adresse : 57 CHE DU SANG DE SERP En service : oui,SANG DE SERP DAGNAUX,146,20,oui,CHE DU SANG DE SERP,SERP (CHE DU SANG DE SERP),57,3105558132,Toulouse,31555,12088
" 43.61970215459992,1.4291741517256908","{""coordinates"": [[1.429174151725691, 43.61970215459992]], ""type"": ""MultiPoint""}",147 - CHAUSSAS DAUDET Nombre bornettes : 19 adresse : 96 RUE DE CHAUSSAS En service : oui,CHAUSSAS DAUDET,147,19,oui,RUE DE CHAUSSAS,CHAUSSAS (RUE DE CHAUSSAS),96,3105551996,Toulouse,31555,12231
" 43.57955798312521,1.4419477974752992","{""coordinates"": [[1.441947797475299, 43.57955798312521]], ""type"": ""MultiPoint""}",156 - METRO EMPALOT Nombre bornettes : 20 adresse : 38 AV JEAN MOULIN En service : oui,METRO EMPALOT,156,20,oui,AV JEAN MOULIN,MOULIN (AV JEAN MOULIN),38,3105554616,Toulouse,31555,8377
" 43.580883896776264,1.4491600192470917","{""coordinates"": [[1.449160019247092, 43.580883896776264]], ""type"": ""MultiPoint""}",158 - URSS ST THOMAS D AQUIN Nombre bornettes : 20 adresse : 55 AV DE L URSS En service : oui,URSS ST THOMAS D AQUIN,158,20,oui,AV DE L URSS,URSS (AV DE L URSS),55,3105558660,Toulouse,31555,22045
" 43.64287197945313,1.4611041030735354","{""coordinates"": [[1.461104103073535, 43.64287197945313]], ""type"": ""MultiPoint""}",172 - RPT POINT LAFFORGUE Nombre bornettes : 20 adresse : 0 RPT DE L ABBE G. LAFFORGUE En service : oui,RPT POINT LAFFORGUE,172,20,oui,RPT DE L ABBE G. LAFFORGUE,LAFFORGUE (RPT DE L ABBE G. LAFFORGUE),0,3105550011,Toulouse,31555,2824
" 43.57924668939662,1.4108948752250177","{""coordinates"": [[1.410894875225018, 43.57924668939662]], ""type"": ""MultiPoint""}",186 - DESBALS BACHAGA BOUALAM Nombre bornettes : 18 adresse : 1 IMP DU BACHAGA BOUALAM En service : oui,DESBALS BACHAGA BOUALAM,186,18,oui,IMP DU BACHAGA BOUALAM,BOUALAM (IMP DU BACHAGA BOUALAM),1,3105550793,Toulouse,31555,3073
" 43.57730292488452,1.4239929017734698","{""coordinates"": [[1.42399290177347, 43.57730292488452]], ""type"": ""MultiPoint""}",190 - OUSTALOUS Nombre bornettes : 20 adresse : 39 RTE D ESPAGNE En service : oui,OUSTALOUS,190,20,oui,RTE D ESPAGNE,ESPAGNE (RTE D ESPAGNE),39,3105553064,Toulouse,31555,6108
" 43.59001813364908,1.415202098440147","{""coordinates"": [[1.415202098440147, 43.59001813364908]], ""type"": ""MultiPoint""}",191 - ST SIMON QUATORZE JUILLET Nombre bornettes : 20 adresse : 395 RTE DE SAINT SIMON En service : oui,ST SIMON QUATORZE JUILLET,191,20,oui,RTE DE SAINT SIMON,SIMON (RTE DE SAINT SIMON),395,3105557988,Toulouse,31555,8230
" 43.58777710803422,1.4095557343753715","{""coordinates"": [[1.409555734375372, 43.58777710803422]], ""type"": ""MultiPoint""}",192 - ST SIMON PRADO Nombre bornettes : 18 adresse : 355 RTE DE SAINT SIMON En service : oui,ST SIMON PRADO,192,18,oui,RTE DE SAINT SIMON,SIMON (RTE DE SAINT SIMON),355,3105557988,Toulouse,31555,3338
" 43.6018357439558,1.4580158355938633","{""coordinates"": [[1.458015835593863, 43.6018357439558]], ""type"": ""MultiPoint""}",196 - GOUJON PUJOL Nombre bornettes : 20 adresse : 10 RUE JEAN GOUJON En service : oui,GOUJON PUJOL,196,20,oui,RUE JEAN GOUJON,GOUJON (RUE JEAN GOUJON),10,3105554584,Toulouse,31555,15376
" 43.5858785208555,1.4750066859973714","{""coordinates"": [[1.475006685997371, 43.5858785208555]], ""type"": ""MultiPoint""}",205 - COTTAGES RIEUX Nombre bornettes : 17 adresse : 58 AV DES COTTAGES En service : oui,COTTAGES RIEUX,205,17,oui,AV DES COTTAGES,COTTAGES (AV DES COTTAGES),58,3105552340,Toulouse,31555,1691
" 43.58347873131795,1.487765544990905","{""coordinates"": [[1.487765544990905, 43.58347873131795]], ""type"": ""MultiPoint""}",211 - LE DORMEUR LA TERRASSE Nombre bornettes : 18 adresse : 9 RUE LE DORMEUR En service : oui,LE DORMEUR LA TERRASSE,211,18,oui,RUE LE DORMEUR,DORMEUR (RUE LE DORMEUR),9,3105552746,Toulouse,31555,1156
" 43.59622766926807,1.473454005820446","{""coordinates"": [[1.473454005820446, 43.59622766926807]], ""type"": ""MultiPoint""}",198 - LAFILAIRE DELTOUR Nombre bornettes : 20 adresse : 25 CHE DE LAFILAIRE En service : oui,LAFILAIRE DELTOUR,198,20,oui,CHE DE LAFILAIRE,LAFILAIRE (CHE DE LAFILAIRE),25,3105554932,Toulouse,31555,1424
" 43.64107093064375,1.4664760437925186","{""coordinates"": [[1.466476043792519, 43.64107093064375]], ""type"": ""MultiPoint""}",171 - ALBI PELET Nombre bornettes : 20 adresse : 191 RTE D ALBI En service : oui,ALBI PELET,171,20,oui,RTE D ALBI,ALBI (RTE D ALBI),191,3105550124,Toulouse,31555,2919
" 43.622761901759446,1.4740425888853848","{""coordinates"": [[1.474042588885385, 43.622761901759446]], ""type"": ""MultiPoint""}",216 - ARGOULETS HOUDON Nombre bornettes : 18 adresse : 3 RUE JEAN HOUDON En service : oui,ARGOULETS HOUDON,216,18,oui,RUE JEAN HOUDON,HOUDON (RUE JEAN HOUDON),3,3105554592,Toulouse,31555,1695
" 43.57457115615058,1.402137041306263","{""coordinates"": [[1.402137041306263, 43.57457115615058]], ""type"": ""MultiPoint""}",220 - TABAR UNIVERSITE Nombre bornettes : 20 adresse : 3 RUE UNIVERSITE DU MIRAIL En service : oui,TABAR UNIVERSITE,220,20,oui,RUE UNIVERSITE DU MIRAIL,MIRAIL (RUE UNIVERSITE DU MIRAIL),3,3105558666,Toulouse,31555,4645
" 43.56073778377947,1.4630307698577643","{""coordinates"": [[1.463030769857764, 43.56073778377947]], ""type"": ""MultiPoint""}",227 - METRO UPS Nombre bornettes : 20 adresse : 118 RTE DE NARBONNE En service : oui,METRO UPS,227,20,oui,RTE DE NARBONNE,NARBONNE (RTE DE NARBONNE),118,3105556196,Toulouse,31555,12573
" 43.62809957169015,1.4514969129720126","{""coordinates"": [[1.451496912972013, 43.62809957169015]], ""type"": ""MultiPoint""}",234 - LOUIN RAYNAL Nombre bornettes : 17 adresse : 4 RUE PIERRETTE LOUIN En service : oui,LOUIN RAYNAL,234,17,oui,RUE PIERRETTE LOUIN,LOUIN (RUE PIERRETTE LOUIN),4,3105556921,Toulouse,31555,4153
" 43.59731314636865,1.4037564514090743","{""coordinates"": [[1.403756451409074, 43.59731314636865]], ""type"": ""MultiPoint""}",236 - TOEC ABBE LEMIRE Nombre bornettes : 20 adresse : 1 RUE DE L ABBE JULES LEMIRE En service : oui,TOEC ABBE LEMIRE,236,20,oui,RUE DE L ABBE JULES LEMIRE,LEMIRE (RUE DE L ABBE JULES LEMIRE),1,3105554821,Toulouse,31555,3724
" 43.64100535928577,1.4485459655564492","{""coordinates"": [[1.448545965556449, 43.64100535928577]], ""type"": ""MultiPoint""}",248 - BOUQUETINS ROSTAND Nombre bornettes : 18 adresse : 139 RUE EDMOND ROSTAND En service : oui,BOUQUETINS ROSTAND,248,18,oui,RUE EDMOND ROSTAND,ROSTAND (RUE EDMOND ROSTAND),139,3105552888,Toulouse,31555,2221
" 43.57021081650341,1.4734068783462282","{""coordinates"": [[1.473406878346228, 43.57021081650341]], ""type"": ""MultiPoint""}",225 - BELIN ONERA Nombre bornettes : 20 adresse : 4 AV EDOUARD BELIN En service : oui,BELIN ONERA,225,20,oui,AV EDOUARD BELIN,BELIN (AV EDOUARD BELIN),4,3105552894,Toulouse,31555,13980
" 43.57510862079238,1.4242382688009156","{""coordinates"": [[1.424238268800916, 43.57510862079238]], ""type"": ""MultiPoint""}",241 - ESPAGNE CHARPENTIER Nombre bornettes : 20 adresse : 57 RTE D ESPAGNE En service : oui,ESPAGNE CHARPENTIER,241,20,oui,RTE D ESPAGNE,ESPAGNE (RTE D ESPAGNE),57,3105553064,Toulouse,31555,9016
" 43.5572334835106,1.4652650095125879","{""coordinates"": [[1.465265009512588, 43.5572334835106]], ""type"": ""MultiPoint""}",231 - NARBONNE IUFM Nombre bornettes : 20 adresse : 217 RTE DE NARBONNE En service : oui,NARBONNE IUFM,231,20,oui,RTE DE NARBONNE,NARBONNE (RTE DE NARBONNE),217,3105556196,Toulouse,31555,10661
" 43.642548411467125,1.4562360861134638","{""coordinates"": [[1.456236086113464, 43.642548411467125]], ""type"": ""MultiPoint""}",262 - BORDEROUGE Nombre bornettes : 18 adresse :  CHE DE BORDEROUGE En service : oui,BORDEROUGE,262,18,oui,CHE DE BORDEROUGE,BORDEROUGE (CHE DE BORDEROUGE),,,Toulouse,31555,1352
" 43.62915138991471,1.4762803711243693","{""coordinates"": [[1.476280371124369, 43.62915138991471]], ""type"": ""MultiPoint""}",258 - CAMBARD Nombre bornettes : 0 adresse :  RUE CAMBARD En service : oui,CAMBARD,258,0,oui,RUE CAMBARD,CAMBARD (RUE CAMBARD),,,Toulouse,31555,2285
" 43.58146782974583,1.3797917996373532","{""coordinates"": [[1.379791799637353, 43.58146782974583]], ""type"": ""MultiPoint""}",276 - MARIN Nombre bornettes : 0 adresse :  CHE DU MARIN En service : oui,MARIN,276,0,oui,CHE DU MARIN,MARIN (CHE DU MARIN),,,Toulouse,31555,1518
" 43.59666739323809,1.4362371038776833","{""coordinates"": [[1.436237103877683, 43.59666739323809]], ""type"": ""MultiPoint""}",74 - LAGANNE - TEINTURIERS Nombre bornettes : 18 adresse : 37 RUE LAGANNE En service : oui,LAGANNE - TEINTURIERS,74,18,oui,RUE LAGANNE,LAGANNE (RUE LAGANNE),37,3105554948,Toulouse,31555,9632
" 43.60565471503429,1.4282472078460013","{""coordinates"": [[1.428247207846001, 43.60565471503429]], ""type"": ""MultiPoint""}",83 - SEJOURNE  -  AMIDONNIERS Nombre bornettes : 15 adresse : 2 AV PAUL SEJOURNE En service : oui,SEJOURNE  -  AMIDONNIERS,83,15,oui,AV PAUL SEJOURNE,SEJOURNE (AV PAUL SEJOURNE),2,3105556648,Toulouse,31555,37976
" 43.60630525626689,1.4384013906285398","{""coordinates"": [[1.43840139062854, 43.60630525626689]], ""type"": ""MultiPoint""}",30 - PLACE ANATOLE FRANCE Nombre bornettes : 25 adresse : 40 PL ANATOLE FRANCE En service : oui,PLACE ANATOLE FRANCE,30,25,oui,PL ANATOLE FRANCE,FRANCE (PL ANATOLE FRANCE),40,3105550272,Toulouse,31555,36074
" 43.60744775547729,1.4542531647967205","{""coordinates"": [[1.454253164796721, 43.60744775547729]], ""type"": ""MultiPoint""}",63 - PISCINE LEO LAGRANGE Nombre bornettes : 22 adresse : 54 RUE DES SEPT TROUBADOURS En service : oui,PISCINE LEO LAGRANGE,63,22,oui,RUE DES SEPT TROUBADOURS,TROUBADOURS (RUE DES SEPT TROUBADOURS),54,3105558224,Toulouse,31555,22191
" 43.608609810205905,1.4436046596197474","{""coordinates"": [[1.443604659619747, 43.608609810205905]], ""type"": ""MultiPoint""}",33 - BERALDI Nombre bornettes : 15 adresse : 11 RUE HENRI BERALDI En service : oui,BERALDI,33,15,oui,RUE HENRI BERALDI,BERALDI (RUE HENRI BERALDI),11,3105554120,Toulouse,31555,11863
" 43.6115693209228,1.4396673312876076","{""coordinates"": [[1.439667331287608, 43.6115693209228]], ""type"": ""MultiPoint""}",91 - ARCOLE -  BALANCE Nombre bornettes : 23 adresse : 48 BD D ARCOLE En service : oui,ARCOLE -  BALANCE,91,23,oui,BD D ARCOLE,ARCOLE (BD D ARCOLE),48,3105550428,Toulouse,31555,22047
" 43.615286769588806,1.4428779309032294","{""coordinates"": [[1.442877930903229, 43.615286769588806]], ""type"": ""MultiPoint""}",111 - MINIMES -  PASSERELLE Nombre bornettes : 22 adresse : 38B BD DES MINIMES En service : oui,MINIMES -  PASSERELLE,111,22,oui,BD DES MINIMES,MINIMES (BD DES MINIMES),38B,3105555960,Toulouse,31555,18479
" 43.59064379361608,1.4533260535588821","{""coordinates"": [[1.453326053558882, 43.59064379361608]], ""type"": ""MultiPoint""}",115 - DEMOISELLES - MISTRAL Nombre bornettes : 16 adresse : 8 ALL DES DEMOISELLES En service : oui,DEMOISELLES - MISTRAL,115,16,oui,ALL DES DEMOISELLES,DEMOISELLES (ALL DES DEMOISELLES),8,3105552584,Toulouse,31555,17614
" 43.602921597154825,1.4517269911578425","{""coordinates"": [[1.451726991157843, 43.602921597154825]], ""type"": ""MultiPoint""}",22 - CARNOT ROLAND Nombre bornettes : 20 adresse : 24 BD LAZARE CARNOT En service : oui,CARNOT ROLAND,22,20,oui,BD LAZARE CARNOT,CARNOT (BD LAZARE CARNOT),24,3105555132,Toulouse,31555,10516
" 43.60516838481394,1.4493972481342459","{""coordinates"": [[1.449397248134246, 43.60516838481394]], ""type"": ""MultiPoint""}",19 - CARNOT  - PERI Nombre bornettes : 25 adresse : 62 BD LAZARE CARNOT En service : oui,CARNOT  - PERI,19,25,oui,BD LAZARE CARNOT,CARNOT (BD LAZARE CARNOT),62,3105555132,Toulouse,31555,38234
" 43.59783992149346,1.4516548888557372","{""coordinates"": [[1.451654888855737, 43.59783992149346]], ""type"": ""MultiPoint""}",44 - PALAIS NIEL Nombre bornettes : 20 adresse : 1 ALL FORAIN FRANCOIS VERDIER En service : oui,PALAIS NIEL,44,20,oui,ALL FORAIN FRANCOIS VERDIER,VERDIER (ALL FORAIN FRANCOIS VERDIER),1,3105553396,Toulouse,31555,10252
" 43.59522890287345,1.4453865756754316","{""coordinates"": [[1.445386575675432, 43.59522890287345]], ""type"": ""MultiPoint""}",47 - NAZARETH -  LANGUEDOC Nombre bornettes : 25 adresse : 12 RUE DU LANGUEDOC En service : oui,NAZARETH -  LANGUEDOC,47,25,oui,RUE DU LANGUEDOC,LANGUEDOC (RUE DU LANGUEDOC),12,3105555000,Toulouse,31555,15877
" 43.60270206415188,1.454448398925485","{""coordinates"": [[1.454448398925485, 43.60270206415188]], ""type"": ""MultiPoint""}",41 - ST AUBIN  - CAMICHEL Nombre bornettes : 20 adresse : 1 RUE CHARLES CAMICHEL En service : oui,ST AUBIN  - CAMICHEL,41,20,oui,RUE CHARLES CAMICHEL,CAMICHEL (RUE CHARLES CAMICHEL),1,3105551560,Toulouse,31555,36731
" 43.614596525734655,1.443537635121199","{""coordinates"": [[1.443537635121199, 43.614596525734655]], ""type"": ""MultiPoint""}",93 - PRINTEMPS - INGRES Nombre bornettes : 15 adresse : 57 RUE DU PRINTEMPS En service : oui,PRINTEMPS - INGRES,93,15,oui,RUE DU PRINTEMPS,PRINTEMPS (RUE DU PRINTEMPS),57,3105557140,Toulouse,31555,18599
" 43.60959016941432,1.4304012911183677","{""coordinates"": [[1.430401291118368, 43.60959016941432]], ""type"": ""MultiPoint""}",107 - SEBASTOPOL - LASCROSSES Nombre bornettes : 25 adresse : 1 RUE DE SEBASTOPOL En service : oui,SEBASTOPOL - LASCROSSES,107,25,oui,RUE DE SEBASTOPOL,SEBASTOPOL (RUE DE SEBASTOPOL),1,3105558204,Toulouse,31555,29081
" 43.6134589682613,1.4302432323717673","{""coordinates"": [[1.430243232371767, 43.6134589682613]], ""type"": ""MultiPoint""}",122 - EMBOUCHURE -  HAEDENS Nombre bornettes : 20 adresse : 57 BD DE L EMBOUCHURE En service : oui,EMBOUCHURE -  HAEDENS,122,20,oui,BD DE L EMBOUCHURE,EMBOUCHURE (BD DE L EMBOUCHURE),57,3105552952,Toulouse,31555,13678
" 43.61387686407794,1.4514880922584688","{""coordinates"": [[1.451488092258469, 43.61387686407794]], ""type"": ""MultiPoint""}",94 - SEMARD -  GARE ROUTIERE Nombre bornettes : 20 adresse : 73 BD PIERRE SEMARD En service : oui,SEMARD -  GARE ROUTIERE,94,20,oui,BD PIERRE SEMARD,SEMARD (BD PIERRE SEMARD),73,3105556916,Toulouse,31555,24056
" 43.59325998616171,1.4350626278046377","{""coordinates"": [[1.435062627804638, 43.59325998616171]], ""type"": ""MultiPoint""}",71 - COURS DILLON Nombre bornettes : 24 adresse : 3 RUE LAGANNE En service : oui,COURS DILLON,71,24,oui,RUE LAGANNE,LAGANNE (RUE LAGANNE),3,3105554948,Toulouse,31555,16200
" 43.61031289279647,1.420439160583489","{""coordinates"": [[1.420439160583489, 43.61031289279647]], ""type"": ""MultiPoint""}",120 - BARCELONE - PONT JUMEAUX Nombre bornettes : 20 adresse : 152 ALL DE BARCELONE En service : oui,BARCELONE - PONT JUMEAUX,120,20,oui,ALL DE BARCELONE,BARCELONE (ALL DE BARCELONE),152,3105550840,Toulouse,31555,22973
" 43.59751509194871,1.428712409642748","{""coordinates"": [[1.428712409642748, 43.59751509194871]], ""type"": ""MultiPoint""}",105 - BILLIERES  -  CHAMPETRE Nombre bornettes : 17 adresse : 12 AV ETIENNE BILLIERES En service : oui,BILLIERES  -  CHAMPETRE,105,17,oui,AV ETIENNE BILLIERES,BILLIERES (AV ETIENNE BILLIERES),12,3105553116,Toulouse,31555,19595
" 43.61901274228953,1.4568042148466722","{""coordinates"": [[1.456804214846672, 43.61901274228953]], ""type"": ""MultiPoint""}",134 - EGLISE BONNEFOY Nombre bornettes : 20 adresse : 8 ALL DE L EGLISE BONNEFOY En service : oui,EGLISE BONNEFOY,134,20,oui,ALL DE L EGLISE BONNEFOY,BONNEFOY (ALL DE L EGLISE BONNEFOY),8,3105552912,Toulouse,31555,16169
" 43.612625208334926,1.4382551321271777","{""coordinates"": [[1.438255132127178, 43.612625208334926]], ""type"": ""MultiPoint""}",121 - SERRES -  ARNAUD BERNARD Nombre bornettes : 20 adresse : 33 AV HONORE SERRES En service : oui,SERRES -  ARNAUD BERNARD,121,20,oui,AV HONORE SERRES,SERRES (AV HONORE SERRES),33,3105554256,Toulouse,31555,17693
" 43.58818225310815,1.4464431015078834","{""coordinates"": [[1.446443101507883, 43.58818225310815]], ""type"": ""MultiPoint""}",116 - ST MICHEL -  NOTRE DAME Nombre bornettes : 15 adresse : 50 GRANDE-RUE SAINT MICHEL En service : oui,ST MICHEL -  NOTRE DAME,116,15,oui,GRANDE-RUE SAINT MICHEL,MICHEL (GRANDE-RUE SAINT MICHEL),50,3105557916,Toulouse,31555,19568
" 43.5995803712205,1.4414007259998032","{""coordinates"": [[1.441400725999803, 43.5995803712205]], ""type"": ""MultiPoint""}",49 - COUTELIERS -  METZ Nombre bornettes : 18 adresse : 52 RUE DES COUTELIERS En service : oui,COUTELIERS -  METZ,49,18,oui,RUE DES COUTELIERS,COUTELIERS (RUE DES COUTELIERS),52,3105552372,Toulouse,31555,28850
" 43.60272299280192,1.4420322344070575","{""coordinates"": [[1.442032234407058, 43.60272299280192]], ""type"": ""MultiPoint""}",4 - SAINTE URSULE Nombre bornettes : 17 adresse : 19 RUE SAINTE URSULE En service : oui,SAINTE URSULE,4,17,oui,RUE SAINTE URSULE,URSULE (RUE SAINTE URSULE),19,3105558076,Toulouse,31555,50458
" 43.61389594411906,1.4250129089726007","{""coordinates"": [[1.425012908972601, 43.61389594411906]], ""type"": ""MultiPoint""}",145 - GOUNOD GARROS Nombre bornettes : 20 adresse : 27 RUE CHARLES GOUNOD En service : oui,GOUNOD GARROS,145,20,oui,RUE CHARLES GOUNOD,GOUNOD (RUE CHARLES GOUNOD),27,3105551940,Toulouse,31555,23324
" 43.57860570002501,1.450260917807728","{""coordinates"": [[1.450260917807728, 43.57860570002501]], ""type"": ""MultiPoint""}",159 - JULES JULIEN DEVIC Nombre bornettes : 20 adresse : 96 AV JULES JULIEN En service : oui,JULES JULIEN DEVIC,159,20,oui,AV JULES JULIEN,JULIEN (AV JULES JULIEN),96,3105554816,Toulouse,31555,13686
" 43.57329745053558,1.4524801410486716","{""coordinates"": [[1.452480141048672, 43.57329745053558]], ""type"": ""MultiPoint""}",160 - THEATRE JULES JULIEN Nombre bornettes : 17 adresse : 21 AV DES ECOLES JULES JULIEN En service : oui,THEATRE JULES JULIEN,160,17,oui,AV DES ECOLES JULES JULIEN,JULIEN (AV DES ECOLES JULES JULIEN),21,3105552860,Toulouse,31555,8627
" 43.57664262727531,1.4548462284419055","{""coordinates"": [[1.454846228441905, 43.57664262727531]], ""type"": ""MultiPoint""}",161 - RANGUEIL BEDOUCE Nombre bornettes : 16 adresse : 35 AV DE RANGUEIL En service : oui,RANGUEIL BEDOUCE,161,16,oui,AV DE RANGUEIL,RANGUEIL (AV DE RANGUEIL),35,3105557268,Toulouse,31555,6358
" 43.579766765940306,1.460014517407888","{""coordinates"": [[1.460014517407888, 43.579766765940306]], ""type"": ""MultiPoint""}",164 - METRO SAOUZELONG Nombre bornettes : 20 adresse : 77 AV ALBERT BEDOUCE En service : oui,METRO SAOUZELONG,164,20,oui,AV ALBERT BEDOUCE,BEDOUCE (AV ALBERT BEDOUCE),77,3105550112,Toulouse,31555,8985
" 43.62410681240798,1.454679016117744","{""coordinates"": [[1.454679016117744, 43.62410681240798]], ""type"": ""MultiPoint""}",167 - LAPUJADE FLANDRES Nombre bornettes : 18 adresse : 98 CHE DE LAPUJADE En service : oui,LAPUJADE FLANDRES,167,18,oui,CHE DE LAPUJADE,LAPUJADE (CHE DE LAPUJADE),98,3105555028,Toulouse,31555,8048
" 43.62857411082167,1.4481997676329874","{""coordinates"": [[1.448199767632987, 43.62857411082167]], ""type"": ""MultiPoint""}",153 - MAUNOURY PISAN Nombre bornettes : 18 adresse : 9 AV MAURICE BOURGES MAUNOURY En service : oui,MAUNOURY PISAN,153,18,oui,AV MAURICE BOURGES MAUNOURY,MAUNOURY (AV MAURICE BOURGES MAUNOURY),9,3105555789,Toulouse,31555,6829
" 43.6169503747207,1.473620822896019","{""coordinates"": [[1.473620822896019, 43.6169503747207]], ""type"": ""MultiPoint""}",179 - CASSAING PLANA Nombre bornettes : 17 adresse : 4 CHE CASSAING En service : oui,CASSAING PLANA,179,17,oui,CHE CASSAING,CASSAING (CHE CASSAING),4,3105551744,Toulouse,31555,1813
" 43.61222985207204,1.4775471262400945","{""coordinates"": [[1.477547126240095, 43.61222985207204]], ""type"": ""MultiPoint""}",180 - PLACE SOUPETARD Nombre bornettes : 15 adresse : 3 PL DE SOUPETARD En service : oui,PLACE SOUPETARD,180,15,oui,PL DE SOUPETARD,SOUPETARD (PL DE SOUPETARD),3,3105558300,Toulouse,31555,4458
" 43.609253383401814,1.4799563824510862","{""coordinates"": [[1.479956382451086, 43.609253383401814]], ""type"": ""MultiPoint""}",181 - PLANA GARNIER Nombre bornettes : 15 adresse : 27 RUE LOUIS PLANA En service : oui,PLANA GARNIER,181,15,oui,RUE LOUIS PLANA,PLANA (RUE LOUIS PLANA),27,3105555396,Toulouse,31555,3030
" 43.62724171322702,1.4692947664862726","{""coordinates"": [[1.469294766486273, 43.62724171322702]], ""type"": ""MultiPoint""}",184 - MICHOUN LIPPMAN Nombre bornettes : 18 adresse : 70 CHE MICHOUN En service : oui,MICHOUN LIPPMAN,184,18,oui,CHE MICHOUN,MICHOUN (CHE MICHOUN),70,3105555932,Toulouse,31555,2524
" 43.59799523682488,1.4201670248656026","{""coordinates"": [[1.420167024865603, 43.59799523682488]], ""type"": ""MultiPoint""}",138 - BARRIERE DE BAYONNE Nombre bornettes : 20 adresse : 2 BRE DE BAYONNE En service : oui,BARRIERE DE BAYONNE,138,20,oui,BRE DE BAYONNE,BAYONNE (BRE DE BAYONNE),2,3105550924,Toulouse,31555,17457
" 43.58429324210606,1.4275581086550309","{""coordinates"": [[1.427558108655031, 43.58429324210606]], ""type"": ""MultiPoint""}",188 - MURET LAFAGE Nombre bornettes : 18 adresse : 121 AV DE MURET En service : oui,MURET LAFAGE,188,18,oui,AV DE MURET,MURET (AV DE MURET),121,3105556160,Toulouse,31555,11577
" 43.58152923991042,1.425460598314955","{""coordinates"": [[1.425460598314955, 43.58152923991042]], ""type"": ""MultiPoint""}",189 - MURET BOUTINON Nombre bornettes : 20 adresse : 44 AV DE MURET En service : oui,MURET BOUTINON,189,20,oui,AV DE MURET,MURET (AV DE MURET),44,3105556160,Toulouse,31555,10021
" 43.597323042677345,1.4589611263086613","{""coordinates"": [[1.458961126308661, 43.597323042677345]], ""type"": ""MultiPoint""}",195 - LAROUSSE RIEUX Nombre bornettes : 20 adresse : 4 AV JEAN RIEUX En service : oui,LAROUSSE RIEUX,195,20,oui,AV JEAN RIEUX,RIEUX (AV JEAN RIEUX),4,3105554652,Toulouse,31555,17251
" 43.57903759568887,1.4836291237802588","{""coordinates"": [[1.483629123780259, 43.57903759568887]], ""type"": ""MultiPoint""}",200 - PLACE DE L ORMEAU Nombre bornettes : 20 adresse : 345 AV JEAN RIEUX En service : oui,PLACE DE L ORMEAU,200,20,oui,AV JEAN RIEUX,RIEUX (AV JEAN RIEUX),345,3105554652,Toulouse,31555,3779
" 43.59405434453574,1.4650904833342946","{""coordinates"": [[1.465090483334295, 43.59405434453574]], ""type"": ""MultiPoint""}",206 - LEYGUE RIEUX Nombre bornettes : 18 adresse : 20 AV ARMAND LEYGUE En service : oui,LEYGUE RIEUX,206,18,oui,AV ARMAND LEYGUE,LEYGUE (AV ARMAND LEYGUE),20,3105550496,Toulouse,31555,4884
" 43.59118103120771,1.480088579202138","{""coordinates"": [[1.480088579202138, 43.59118103120771]], ""type"": ""MultiPoint""}",208 - LIMAYRAC DARASSE Nombre bornettes : 18 adresse :  ALL DE LIMAYRAC En service : oui,LIMAYRAC DARASSE,208,18,oui,ALL DE LIMAYRAC,LIMAYRAC (ALL DE LIMAYRAC),,3105555273,Toulouse,31555,1571
" 43.629773712673256,1.4665472108874835","{""coordinates"": [[1.466547210887484, 43.629773712673256]], ""type"": ""MultiPoint""}",217 - AMOUROUX SAINT TROPEZ Nombre bornettes : 18 adresse : 42 CHE AMOUROUX En service : oui,AMOUROUX SAINT TROPEZ,217,18,oui,CHE AMOUROUX,AMOUROUX (CHE AMOUROUX),42,3105550260,Toulouse,31555,2493
" 43.576443692136436,1.4066635857455936","{""coordinates"": [[1.406663585745594, 43.576443692136436]], ""type"": ""MultiPoint""}",221 - VAUQUELIN Nombre bornettes : 20 adresse : 85 RUE NICOLAS L VAUQUELIN En service : oui,VAUQUELIN,221,20,oui,RUE NICOLAS L VAUQUELIN,VAUQUELIN (RUE NICOLAS L VAUQUELIN),85,3105556267,Toulouse,31555,3968
" 43.568038432767196,1.4644474837956272","{""coordinates"": [[1.464447483795627, 43.568038432767196]], ""type"": ""MultiPoint""}",228 - METRO PHARMACIE Nombre bornettes : 20 adresse : 35 CHE DES MARAICHERS En service : oui,METRO PHARMACIE,228,20,oui,CHE DES MARAICHERS,MARAICHERS (CHE DES MARAICHERS),35,3105555576,Toulouse,31555,19239
" 43.571490455992084,1.462698767055689","{""coordinates"": [[1.462698767055689, 43.571490455992084]], ""type"": ""MultiPoint""}",229 - IUT RANGUEIL Nombre bornettes : 20 adresse : 129 AV DE RANGUEIL En service : oui,IUT RANGUEIL,229,20,oui,AV DE RANGUEIL,RANGUEIL (AV DE RANGUEIL),129,3105557268,Toulouse,31555,7497
" 43.57417658526791,1.4624092455714741","{""coordinates"": [[1.462409245571474, 43.57417658526791]], ""type"": ""MultiPoint""}",166 - METRO RANGUEIL Nombre bornettes : 20 adresse : 00 RUE EMILE GUYOU En service : oui,METRO RANGUEIL,166,20,oui,RUE EMILE GUYOU,GUYOU (RUE EMILE GUYOU),0,3105552978,Toulouse,31555,18542
" 43.633489620711046,1.4354588784155005","{""coordinates"": [[1.4354588784155, 43.633489620711046]], ""type"": ""MultiPoint""}",235 - METRO LA VACHE Nombre bornettes : 20 adresse : 8 RUE PAUL VERLAINE En service : oui,METRO LA VACHE,235,20,oui,RUE PAUL VERLAINE,VERLAINE (RUE PAUL VERLAINE),8,3105556656,Toulouse,31555,5006
" 43.5769775339623,1.4694966904065125","{""coordinates"": [[1.469496690406513, 43.5769775339623]], ""type"": ""MultiPoint""}",239 - LESPINET HERBETTES Nombre bornettes : 18 adresse : 127 AV DE LESPINET En service : oui,LESPINET HERBETTES,239,18,oui,AV DE LESPINET,LESPINET (AV DE LESPINET),127,3105555196,Toulouse,31555,15228
" 43.636359901372316,1.4389983006646643","{""coordinates"": [[1.438998300664664, 43.636359901372316]], ""type"": ""MultiPoint""}",247 - LAUNAGUET AUDIBERT Nombre bornettes : 20 adresse : 112 RTE DE LAUNAGUET En service : oui,LAUNAGUET AUDIBERT,247,20,oui,RTE DE LAUNAGUET,LAUNAGUET (RTE DE LAUNAGUET),112,3105555096,Toulouse,31555,2897
" 43.60381891712184,1.4200805835929005","{""coordinates"": [[1.4200805835929, 43.60381891712184]], ""type"": ""MultiPoint""}",246 - WAGNER BRUNHES Nombre bornettes : 20 adresse : 29 BD RICHARD WAGNER En service : oui,WAGNER BRUNHES,246,20,oui,BD RICHARD WAGNER,WAGNER (BD RICHARD WAGNER),29,3105557468,Toulouse,31555,14694
" 43.6256234426601,1.4396769879706381","{""coordinates"": [[1.439676987970638, 43.6256234426601]], ""type"": ""MultiPoint""}",150 - CURIE CAMPISTRON Nombre bornettes : 20 adresse : 88 BD PIERRE ET MARIE CURIE En service : oui,CURIE CAMPISTRON,150,20,oui,BD PIERRE ET MARIE CURIE,CURIE (BD PIERRE ET MARIE CURIE),88,3105556880,Toulouse,31555,4176
" 43.63375485931466,1.4375403995260316","{""coordinates"": [[1.437540399526032, 43.63375485931466]], ""type"": ""MultiPoint""}",242 - RAIMBAUD COLETTE Nombre bornettes : 18 adresse : 4 RUE ARTHUR RIMBAUD En service : oui,RAIMBAUD COLETTE,242,18,oui,RUE ARTHUR RIMBAUD,RIMBAUD (RUE ARTHUR RIMBAUD),4,3105550546,Toulouse,31555,1466
" 43.630522223434,1.432346457784361","{""coordinates"": [[1.432346457784361, 43.630522223434]], ""type"": ""MultiPoint""}",253 - ETATS UNIS  CHARLAS Nombre bornettes : 18 adresse : 75 AV DES ETATS UNIS En service : oui,ETATS UNIS  CHARLAS,253,18,oui,AV DES ETATS UNIS,UNIS (AV DES ETATS UNIS),75,3105553104,Toulouse,31555,2464
" 43.56498488909046,1.4781762452831404","{""coordinates"": [[1.47817624528314, 43.56498488909046]], ""type"": ""MultiPoint""}",223 - BELIN E.N.A.C. Nombre bornettes : 20 adresse : 4 AV DU COLONEL ROCHE En service : oui,BELIN E.N.A.C.,223,20,oui,AV DU COLONEL ROCHE,ROCHE (AV DU COLONEL ROCHE),4,3105552202,Toulouse,31555,11967
" 43.56229035737849,1.4809585211861382","{""coordinates"": [[1.480958521186138, 43.56229035737849]], ""type"": ""MultiPoint""}",237 - BELIN C.N.R.S. Nombre bornettes : 20 adresse : 16 AV EDOUARD BELIN En service : oui,BELIN C.N.R.S.,237,20,oui,AV EDOUARD BELIN,BELIN (AV EDOUARD BELIN),16,3105552894,Toulouse,31555,7144
" 43.56307667144165,1.4757812522014837","{""coordinates"": [[1.475781252201484, 43.56307667144165]], ""type"": ""MultiPoint""}",222 - CESR Nombre bornettes : 20 adresse : 11 AV DU COLONEL ROCHE En service : oui,CESR,222,20,oui,AV DU COLONEL ROCHE,ROCHE (AV DU COLONEL ROCHE),11,3105552202,Toulouse,31555,19680
" 43.59320057858795,1.4244278196874351","{""coordinates"": [[1.424427819687435, 43.59320057858795]], ""type"": ""MultiPoint""}",183 - CUGNAUX GRAVETTE Nombre bornettes : 18 adresse : 66 RUE DE CUGNAUX En service : oui,CUGNAUX GRAVETTE,183,18,oui,RUE DE CUGNAUX,CUGNAUX (RUE DE CUGNAUX),66,3105552424,Toulouse,31555,14879
" 43.64749355722962,1.4326403725144348","{""coordinates"": [[1.432640372514435, 43.64749355722962]], ""type"": ""MultiPoint""}",259 - PLACE RICHÉ Nombre bornettes : 20 adresse :  PL PAUL RICHE En service : oui,PLACE RICHÉ,259,20,oui,PL PAUL RICHE,RICHE (PL PAUL RICHE),,3105556642,Toulouse,31555,2443
" 43.64062798930606,1.440245519736814","{""coordinates"": [[1.440245519736814, 43.64062798930606]], ""type"": ""MultiPoint""}",261 - VAN DYCK Nombre bornettes : 18 adresse :  RUE ANTOINE VAN DYCK En service : oui,VAN DYCK,261,18,oui,RUE ANTOINE VAN DYCK,DYCK (RUE ANTOINE VAN DYCK),,,Toulouse,31555,1126
" 43.59972759527099,1.4782964900728872","{""coordinates"": [[1.478296490072887, 43.59972759527099]], ""type"": ""MultiPoint""}",0 - CASTRES (projet) Nombre bornettes : 0 adresse :  AV DE CASTRES En service : non,CASTRES (projet),0,0,non,AV DE CASTRES,CASTRES (AV DE CASTRES),,,Toulouse,31555,0
" 43.57391974667084,1.4839225676442012","{""coordinates"": [[1.483922567644201, 43.57391974667084]], ""type"": ""MultiPoint""}",267 - GONIN Nombre bornettes : 0 adresse :  RUE CLAUDE GONIN En service : oui,GONIN,267,0,oui,RUE CLAUDE GONIN,GONIN (RUE CLAUDE GONIN),,,Toulouse,31555,1813
" 43.56802806016278,1.4133482222974696","{""coordinates"": [[1.41334822229747, 43.56802806016278]], ""type"": ""MultiPoint""}",265 - BORDELONGUE Nombre bornettes : 0 adresse :  PAS DU CANAL DE BORDELONGUE En service : oui,BORDELONGUE,265,0,oui,PAS DU CANAL DE BORDELONGUE,BORDELONGUE (PAS DU CANAL DE BORDELONGUE),,,Toulouse,31555,1242
" 43.56500497153118,1.4103989285251441","{""coordinates"": [[1.410398928525144, 43.56500497153118]], ""type"": ""MultiPoint""}",264 - LAFOURGUETTE Nombre bornettes : 0 adresse :  PL DES GLIERES En service : oui,LAFOURGUETTE,264,0,oui,PL DES GLIERES,GLIERES (PL DES GLIERES),,,Toulouse,31555,1905
" 43.584442278669584,1.3987146019020609","{""coordinates"": [[1.398714601902061, 43.584442278669584]], ""type"": ""MultiPoint""}",263 - PLACE JEAN BAYLET Nombre bornettes : 0 adresse :  AV JEAN BAYLET En service : oui,PLACE JEAN BAYLET,263,0,oui,AV JEAN BAYLET,BAYLET (AV JEAN BAYLET),,,Toulouse,31555,2403
" 43.61362415692327,1.4013770444892069","{""coordinates"": [[1.401377044489207, 43.61362415692327]], ""type"": ""MultiPoint""}",279 - ESPAGNO Nombre bornettes : 0 adresse :  AV DE CASSELARDIT En service : oui,ESPAGNO,279,0,oui,AV DE CASSELARDIT,CASSELARDIT (AV DE CASSELARDIT),,3105551748,Toulouse,31555,5184
" 43.60656214878084,1.414147612626486","{""coordinates"": [[1.414147612626486, 43.60656214878084]], ""type"": ""MultiPoint""}",282 - WAGNER Nombre bornettes : 0 adresse :  BD RICHARD WAGNER En service : oui,WAGNER,282,0,oui,BD RICHARD WAGNER,WAGNER (BD RICHARD WAGNER),,3105557468,Toulouse,31555,6412
" 43.583777902807974,1.4064153122839196","{""coordinates"": [[1.40641531228392, 43.583777902807974]], ""type"": ""MultiPoint""}",254 - PLACE CAMPAN Nombre bornettes : 0 adresse :  PL LOUIS CAMPAN En service : oui,PLACE CAMPAN,254,0,oui,PL LOUIS CAMPAN,CAMPAN (PL LOUIS CAMPAN),,,Toulouse,31555,367
" 43.604880313199814,1.445283931896369","{""coordinates"": [[1.445283931896369, 43.604880313199814]], ""type"": ""MultiPoint""}",2 - LAFAYETTE Nombre bornettes : 22 adresse : 21 RUE LAFAYETTE En service : oui,LAFAYETTE,2,22,oui,RUE LAFAYETTE,LAFAYETTE (RUE LAFAYETTE),21,3105554920,Toulouse,31555,65710
" 43.59461662561287,1.4558890693692959","{""coordinates"": [[1.455889069369296, 43.59461662561287]], ""type"": ""MultiPoint""}",101 - CAPTAINERIE PORT  - ST SAUVEUR Nombre bornettes : 20 adresse : 5 PORT SAINT SAUVEUR En service : oui,CAPTAINERIE PORT  - ST SAUVEUR,101,20,oui,PORT SAINT SAUVEUR,SAUVEUR (PORT SAINT SAUVEUR),5,3105558066,Toulouse,31555,30068
" 43.59685254017716,1.452653987927737","{""coordinates"": [[1.452653987927737, 43.59685254017716]], ""type"": ""MultiPoint""}",65 - VERDIER - GRAND ROND Nombre bornettes : 27 adresse : 2 ALL FORAIN FRANCOIS VERDIER En service : oui,VERDIER - GRAND ROND,65,27,oui,ALL FORAIN FRANCOIS VERDIER,VERDIER (ALL FORAIN FRANCOIS VERDIER),2,3105553396,Toulouse,31555,17567
" 43.59846308531242,1.436692741794254","{""coordinates"": [[1.436692741794254, 43.59846308531242]], ""type"": ""MultiPoint""}",75 - CHATEAU D EAU Nombre bornettes : 21 adresse : 12 PL LAGANNE En service : oui,CHATEAU D EAU,75,21,oui,PL LAGANNE,LAGANNE (PL LAGANNE),12,3105554944,Toulouse,31555,30101
" 43.614988749587624,1.4329137093073405","{""coordinates"": [[1.432913709307341, 43.614988749587624]], ""type"": ""MultiPoint""}",123 - HOTEL DE POLICE Nombre bornettes : 15 adresse : 1 RUE DE CHAUSSAS En service : oui,HOTEL DE POLICE,123,15,oui,RUE DE CHAUSSAS,CHAUSSAS (RUE DE CHAUSSAS),1,3105551996,Toulouse,31555,25469
" 43.60541335085088,1.4324174166126744","{""coordinates"": [[1.432417416612674, 43.60541335085088]], ""type"": ""MultiPoint""}",84 - BRIENNE -  MANUFACTURE Nombre bornettes : 24 adresse : 19T ALL DE BRIENNE En service : oui,BRIENNE -  MANUFACTURE,84,24,oui,ALL DE BRIENNE,BRIENNE (ALL DE BRIENNE),19T,3105551424,Toulouse,31555,42133
" 43.61526002081092,1.435055261597383","{""coordinates"": [[1.435055261597383, 43.61526002081092]], ""type"": ""MultiPoint""}",109 - HOTEL DE DEPARTEMENT Nombre bornettes : 20 adresse : 1 BD DE LA MARQUETTE En service : oui,HOTEL DE DEPARTEMENT,109,20,oui,BD DE LA MARQUETTE,MARQUETTE (BD DE LA MARQUETTE),1,3105555716,Toulouse,31555,11379
" 43.60564292574689,1.4280227923080544","{""coordinates"": [[1.428022792308054, 43.60564292574689]], ""type"": ""MultiPoint""}",82 - SEJOURNE - CATALANS Nombre bornettes : 16 adresse : 1 AV PAUL SEJOURNE En service : oui,SEJOURNE - CATALANS,82,16,oui,AV PAUL SEJOURNE,SEJOURNE (AV PAUL SEJOURNE),1,3105556648,Toulouse,31555,30805
" 43.6112622998671,1.4380734891980733","{""coordinates"": [[1.438073489198073, 43.6112622998671]], ""type"": ""MultiPoint""}",90 - LASCROSSES -  PLACE ARNAUD BERNARD Nombre bornettes : 26 adresse : 3B BD LASCROSSES En service : oui,LASCROSSES -  PLACE ARNAUD BERNARD,90,26,oui,BD LASCROSSES,LASCROSSES (BD LASCROSSES),3B,3105555080,Toulouse,31555,26118
" 43.610209291372314,1.4350229747137304","{""coordinates"": [[1.43502297471373, 43.610209291372314]], ""type"": ""MultiPoint""}",88 - DUPORTAL -  LASCROSSES Nombre bornettes : 25 adresse : 17T BD LASCROSSES En service : oui,DUPORTAL -  LASCROSSES,88,25,oui,BD LASCROSSES,LASCROSSES (BD LASCROSSES),17T,3105555080,Toulouse,31555,48644
" 43.61238262005189,1.451413489607005","{""coordinates"": [[1.451413489607005, 43.61238262005189]], ""type"": ""MultiPoint""}",97 - RAYMOND IV Nombre bornettes : 20 adresse : 00 RUE RAYMOND IV En service : oui,RAYMOND IV,97,20,oui,RUE RAYMOND IV,RAYMOND IV (RUE RAYMOND IV),0,3105557320,Toulouse,31555,18913
" 43.60957205184462,1.4493465148275881","{""coordinates"": [[1.449346514827588, 43.60957205184462]], ""type"": ""MultiPoint""}",36 - PLACE SCHUMAN Nombre bornettes : 23 adresse : 5 PL ROBERT SCHUMAN En service : oui,PLACE SCHUMAN,36,23,oui,PL ROBERT SCHUMAN,SCHUMAN (PL ROBERT SCHUMAN),5,3105557536,Toulouse,31555,33670
" 43.60869816924607,1.4369334320517924","{""coordinates"": [[1.436933432051792, 43.60869816924607]], ""type"": ""MultiPoint""}",53 - PLACE SAINT JULIEN Nombre bornettes : 24 adresse : 0 PL SAINT JULIEN En service : oui,PLACE SAINT JULIEN,53,24,oui,PL SAINT JULIEN,JULIEN (PL SAINT JULIEN),0,3105557864,Toulouse,31555,23806
" 43.60857360973101,1.4347656704152625","{""coordinates"": [[1.434765670415262, 43.60857360973101]], ""type"": ""MultiPoint""}",52 - DUPORTAL -  CITE ADMINISTRATIVE Nombre bornettes : 21 adresse : 41 BD ARMAND DUPORTAL En service : oui,DUPORTAL -  CITE ADMINISTRATIVE,52,21,oui,BD ARMAND DUPORTAL,DUPORTAL (BD ARMAND DUPORTAL),41,3105550492,Toulouse,31555,8475
" 43.60641177748923,1.4477401399038077","{""coordinates"": [[1.447740139903808, 43.60641177748923]], ""type"": ""MultiPoint""}",17 - STRASBOURG  - SARDANE Nombre bornettes : 25 adresse : 7 BD DE STRASBOURG En service : oui,STRASBOURG  - SARDANE,17,25,oui,BD DE STRASBOURG,STRASBOURG (BD DE STRASBOURG),7,3105558328,Toulouse,31555,25938
" 43.62706243994888,1.4340294557457338","{""coordinates"": [[1.434029455745734, 43.62706243994888]], ""type"": ""MultiPoint""}",125 - BARRIERE DE PARIS Nombre bornettes : 20 adresse : 00 BRE DE PARIS En service : oui,BARRIERE DE PARIS,125,20,oui,BRE DE PARIS,PARIS (BRE DE PARIS),0,310555B279,Toulouse,31555,16780
" 43.60467810177643,1.449528282070613","{""coordinates"": [[1.449528282070613, 43.60467810177643]], ""type"": ""MultiPoint""}",20 - CARNOT -  TROIS JOURNEES Nombre bornettes : 27 adresse : 69 BD LAZARE CARNOT En service : oui,CARNOT -  TROIS JOURNEES,20,27,oui,BD LAZARE CARNOT,CARNOT (BD LAZARE CARNOT),69,3105555132,Toulouse,31555,26414
" 43.59436105108423,1.440962799420181","{""coordinates"": [[1.440962799420181, 43.59436105108423]], ""type"": ""MultiPoint""}",50 - GARONNETTE Nombre bornettes : 23 adresse : 1 AV MAURICE HAURIOU En service : oui,GARONNETTE,50,23,oui,AV MAURICE HAURIOU,HAURIOU (AV MAURICE HAURIOU),1,3105555804,Toulouse,31555,12036
" 43.594774990582586,1.4439995416380598","{""coordinates"": [[1.44399954163806, 43.594774990582586]], ""type"": ""MultiPoint""}",48 - PLACE DU SALIN Nombre bornettes : 22 adresse : 18 PL DU SALIN En service : oui,PLACE DU SALIN,48,22,oui,PL DU SALIN,SALIN (PL DU SALIN),18,3105558116,Toulouse,31555,28810
" 43.59813198236612,1.4314033284908394","{""coordinates"": [[1.431403328490839, 43.59813198236612]], ""type"": ""MultiPoint""}",78 - PLACE INT ST CYPRIEN DARRE Nombre bornettes : 17 adresse : 14 PL INTERIEURE ST CYPRIEN En service : oui,PLACE INT ST CYPRIEN DARRE,78,17,oui,PL INTERIEURE ST CYPRIEN,CYPRIEN (PL INTERIEURE ST CYPRIEN),14,3105554336,Toulouse,31555,38713
" 43.59856445462124,1.4350500532675734","{""coordinates"": [[1.435050053267573, 43.59856445462124]], ""type"": ""MultiPoint""}",76 - REPUBLIQUE - PLACE OLIVIER Nombre bornettes : 20 adresse : 34 RUE DE LA REPUBLIQUE En service : oui,REPUBLIQUE - PLACE OLIVIER,76,20,oui,RUE DE LA REPUBLIQUE,REPUBLIQUE (RUE DE LA REPUBLIQUE),34,3105557428,Toulouse,31555,24212
" 43.61264644996692,1.4484574068908693","{""coordinates"": [[1.448457406890869, 43.61264644996692]], ""type"": ""MultiPoint""}",60 - ROQUELAINE Nombre bornettes : 21 adresse : 32 PL ROQUELAINE En service : oui,ROQUELAINE,60,21,oui,PL ROQUELAINE,ROQUELAINE (PL ROQUELAINE),32,3105557600,Toulouse,31555,23566
" 43.609663388000804,1.4469533597888367","{""coordinates"": [[1.446953359788837, 43.609663388000804]], ""type"": ""MultiPoint""}",35 - PLACE JEANNE D'ARC Nombre bornettes : 20 adresse : 1 RUE RAYMOND IV En service : oui,PLACE JEANNE D'ARC,35,20,oui,RUE RAYMOND IV,RAYMOND IV (RUE RAYMOND IV),1,3105557320,Toulouse,31555,18099
" 43.61068212182625,1.4436208412971954","{""coordinates"": [[1.443620841297195, 43.61068212182625]], ""type"": ""MultiPoint""}",58 - CONCORDE -  ARCOLE Nombre bornettes : 25 adresse : 4 RUE DE LA CONCORDE En service : oui,CONCORDE -  ARCOLE,58,25,oui,RUE DE LA CONCORDE,CONCORDE (RUE DE LA CONCORDE),4,3105552256,Toulouse,31555,56118
" 43.611056866963025,1.4366678360463037","{""coordinates"": [[1.436667836046304, 43.611056866963025]], ""type"": ""MultiPoint""}",89 - ESP COMPANS CAFFARELLI Nombre bornettes : 23 adresse : 1 ESP COMPANS CAFFARELLI En service : oui,ESP COMPANS CAFFARELLI,89,23,oui,ESP COMPANS CAFFARELLI,CAFFARELLI (ESP COMPANS CAFFARELLI),1,3105552251,Toulouse,31555,34229
" 43.608426118258286,1.4238626711813875","{""coordinates"": [[1.423862671181388, 43.608426118258286]], ""type"": ""MultiPoint""}",106 - BRIENNE  -  PASSERELLE Nombre bornettes : 15 adresse : 99 ALL DE BRIENNE En service : oui,BRIENNE  -  PASSERELLE,106,15,oui,ALL DE BRIENNE,BRIENNE (ALL DE BRIENNE),99,3105551424,Toulouse,31555,20097
" 43.58545390933224,1.4283605566006121","{""coordinates"": [[1.428360556600612, 43.58545390933224]], ""type"": ""MultiPoint""}",129 - CROIX DE PIERRE - DEODAT DE SEVERAC Nombre bornettes : 18 adresse : 2 BD DEODAT DE SEVERAC En service : oui,CROIX DE PIERRE - DEODAT DE SEVERAC,129,18,oui,BD DEODAT DE SEVERAC,SEVERAC (BD DEODAT DE SEVERAC),2,3105552600,Toulouse,31555,19224
" 43.62070816053589,1.4356190826526303","{""coordinates"": [[1.43561908265263, 43.62070816053589]], ""type"": ""MultiPoint""}",133 - MINIMES - MARCHE AU COCHONS Nombre bornettes : 20 adresse : 71 AV DES MINIMES En service : oui,MINIMES - MARCHE AU COCHONS,133,20,oui,AV DES MINIMES,MINIMES (AV DES MINIMES),71,3105555956,Toulouse,31555,16738
" 43.5967115549516,1.4243042746064545","{""coordinates"": [[1.424304274606454, 43.5967115549516]], ""type"": ""MultiPoint""}",130 - BILLIERES -  PATTE D OIE Nombre bornettes : 16 adresse : 66T AV ETIENNE BILLIERES En service : oui,BILLIERES -  PATTE D OIE,130,16,oui,AV ETIENNE BILLIERES,BILLIERES (AV ETIENNE BILLIERES),66T,3105553116,Toulouse,31555,21237
" 43.59232611846364,1.4490794557549873","{""coordinates"": [[1.449079455754987, 43.59232611846364]], ""type"": ""MultiPoint""}",113 - MUSEUM  -  DUMERIL Nombre bornettes : 20 adresse : 58 RUE ALFRED DUMERIL En service : oui,MUSEUM  -  DUMERIL,113,20,oui,RUE ALFRED DUMERIL,DUMERIL (RUE ALFRED DUMERIL),58,3105550184,Toulouse,31555,23970
" 43.592444168851436,1.4579280952070786","{""coordinates"": [[1.457928095207079, 43.592444168851436]], ""type"": ""MultiPoint""}",114 - BD MONTPLAISIR -  CANAL Nombre bornettes : 20 adresse : 8 BD MONPLAISIR En service : oui,BD MONTPLAISIR -  CANAL,114,20,oui,BD MONPLAISIR,MONPLAISIR (BD MONPLAISIR),8,3105556016,Toulouse,31555,15374
" 43.593531203057,1.45304249390177","{""coordinates"": [[1.45304249390177, 43.593531203057]], ""type"": ""MultiPoint""}",102 - MISTRAL -  FLEURANCE Nombre bornettes : 20 adresse : 18 ALL FREDERIC MISTRAL En service : oui,MISTRAL -  FLEURANCE,102,20,oui,ALL FREDERIC MISTRAL,MISTRAL (ALL FREDERIC MISTRAL),18,3105553584,Toulouse,31555,16925
" 43.58970924000726,1.4559510074267412","{""coordinates"": [[1.455951007426741, 43.58970924000726]], ""type"": ""MultiPoint""}",127 - DEMOISELLES - BEGUE Nombre bornettes : 16 adresse : 1 RUE BEGUE DAVID En service : oui,DEMOISELLES - BEGUE,127,16,oui,RUE BEGUE DAVID,DAVID (RUE BEGUE DAVID),1,3105550980,Toulouse,31555,13516
" 43.60231784046006,1.4255371289039283","{""coordinates"": [[1.425537128903928, 43.60231784046006]], ""type"": ""MultiPoint""}",95 - THEATRE GARONNE Nombre bornettes : 20 adresse : 4 AV DU CHATEAU D EAU En service : oui,THEATRE GARONNE,95,20,oui,AV DU CHATEAU D EAU,EAU (AV DU CHATEAU D EAU),4,3105551976,Toulouse,31555,15859
" 43.593515109385244,1.4299912457080013","{""coordinates"": [[1.429991245708001, 43.593515109385244]], ""type"": ""MultiPoint""}",37 - SAINTE LUCIE Nombre bornettes : 18 adresse : 38 RUE SAINTE LUCIE En service : oui,SAINTE LUCIE,37,18,oui,RUE SAINTE LUCIE,LUCIE (RUE SAINTE LUCIE),38,3105558040,Toulouse,31555,11609
" 43.60200113227175,1.4148430158349434","{""coordinates"": [[1.414843015834943, 43.60200113227175]], ""type"": ""MultiPoint""}",136 - FONTAINES MILHES Nombre bornettes : 20 adresse : 190 RUE DES FONTAINES En service : oui,FONTAINES MILHES,136,20,oui,RUE DES FONTAINES,FONTAINES (RUE DES FONTAINES),190,3105553380,Toulouse,31555,13704
" 43.587872559870895,1.424582630015673","{""coordinates"": [[1.424582630015673, 43.587872559870895]], ""type"": ""MultiPoint""}",142 - DEODAT DE SEVERAC Nombre bornettes : 20 adresse : 52 BD DEODAT DE SEVERAC En service : oui,DEODAT DE SEVERAC,142,20,oui,BD DEODAT DE SEVERAC,SEVERAC (BD DEODAT DE SEVERAC),52,3105552600,Toulouse,31555,9483
" 43.61656507140675,1.4441064802978647","{""coordinates"": [[1.444106480297865, 43.61656507140675]], ""type"": ""MultiPoint""}",148 - COLLIGNON Nombre bornettes : 19 adresse : 0000 AV FRANCOIS COLLIGNON En service : oui,COLLIGNON,148,19,oui,AV FRANCOIS COLLIGNON,COLLIGNON (AV FRANCOIS COLLIGNON),0,3105552178,Toulouse,31555,15988
" 43.62462226359393,1.4431190974290196","{""coordinates"": [[1.44311909742902, 43.62462226359393]], ""type"": ""MultiPoint""}",151 - CURIE NEGRENEYS Nombre bornettes : 20 adresse : 27 BD PIERRE ET MARIE CURIE En service : oui,CURIE NEGRENEYS,151,20,oui,BD PIERRE ET MARIE CURIE,CURIE (BD PIERRE ET MARIE CURIE),27,3105556880,Toulouse,31555,10087
" 43.62413331967268,1.4384823949547039","{""coordinates"": [[1.438482394954704, 43.62413331967268]], ""type"": ""MultiPoint""}",152 - THEATRE DES MAZADES Nombre bornettes : 20 adresse : 10 AV DES MAZADES En service : oui,THEATRE DES MAZADES,152,20,oui,AV DES MAZADES,MAZADES (AV DES MAZADES),10,3105555848,Toulouse,31555,6302
" 43.615396545660296,1.4485815417712122","{""coordinates"": [[1.448581541771212, 43.615396545660296]], ""type"": ""MultiPoint""}",149 - RAISIN Nombre bornettes : 22 adresse : 2 CHE DU RAISIN En service : oui,RAISIN,149,22,oui,CHE DU RAISIN,RAISIN (CHE DU RAISIN),2,3105557248,Toulouse,31555,18207
" 43.58376329885672,1.4433421345912958","{""coordinates"": [[1.443342134591296, 43.58376329885672]], ""type"": ""MultiPoint""}",155 - RECOLLETS Nombre bornettes : 20 adresse : 34 BD DES RECOLLETS En service : oui,RECOLLETS,155,20,oui,BD DES RECOLLETS,RECOLLETS (BD DES RECOLLETS),34,3105557344,Toulouse,31555,22644
" 43.580283255753905,1.4548627845032254","{""coordinates"": [[1.454862784503225, 43.580283255753905]], ""type"": ""MultiPoint""}",162 - ITALIE Nombre bornettes : 17 adresse : 49 AV D ITALIE En service : oui,ITALIE,162,17,oui,AV D ITALIE,ITALIE (AV D ITALIE),49,3105554364,Toulouse,31555,5806
" 43.62310136175032,1.4587217286038383","{""coordinates"": [[1.458721728603838, 43.62310136175032]], ""type"": ""MultiPoint""}",135 - BONNEFOY LEMAITRE Nombre bornettes : 17 adresse : 183 RUE DU FAUBOURG BONNEFOY En service : oui,BONNEFOY LEMAITRE,135,17,oui,RUE DU FAUBOURG BONNEFOY,BONNEFOY (RUE DU FAUBOURG BONNEFOY),183,3105553204,Toulouse,31555,7410
" 43.6398670489561,1.452285071755724","{""coordinates"": [[1.452285071755724, 43.6398670489561]], ""type"": ""MultiPoint""}",175 - METRO BOURGES MAUNOURY Nombre bornettes : 30 adresse : 00 AV MAURICE BOURGES MAUNOURY En service : oui,METRO BOURGES MAUNOURY,175,30,oui,AV MAURICE BOURGES MAUNOURY,MAUNOURY (AV MAURICE BOURGES MAUNOURY),0,3105555789,Toulouse,31555,8090
" 43.63321805138003,1.4507377546218025","{""coordinates"": [[1.450737754621803, 43.63321805138003]], ""type"": ""MultiPoint""}",173 - BOURGES MAUNOURY SEGLA Nombre bornettes : 20 adresse : 25 AV MAURICE BOURGES MAUNOURY En service : oui,BOURGES MAUNOURY SEGLA,173,20,oui,AV MAURICE BOURGES MAUNOURY,MAUNOURY (AV MAURICE BOURGES MAUNOURY),25,3105555789,Toulouse,31555,6453
" 43.61132467425685,1.4567994403555917","{""coordinates"": [[1.456799440355592, 43.61132467425685]], ""type"": ""MultiPoint""}",5 - LEDUC Nombre bornettes : 19 adresse : 5 RUE RENE LEDUC En service : oui,LEDUC,5,19,oui,RUE RENE LEDUC,LEDUC (RUE RENE LEDUC),5,3105557413,Toulouse,31555,24420
" 43.5860888182744,1.4829408141504514","{""coordinates"": [[1.482940814150451, 43.5860888182744]], ""type"": ""MultiPoint""}",210 - FIRMIS Nombre bornettes : 18 adresse : 42 CHE DE LA TERRASSE En service : oui,FIRMIS,210,18,oui,CHE DE LA TERRASSE,TERRASSE (CHE DE LA TERRASSE),42,3105558436,Toulouse,31555,1024
" 43.6007100766615,1.4673123225079705","{""coordinates"": [[1.467312322507971, 43.6007100766615]], ""type"": ""MultiPoint""}",213 - PUJOL CHAUBET Nombre bornettes : 18 adresse : 129 AV CAMILLE PUJOL En service : oui,PUJOL CHAUBET,213,18,oui,AV CAMILLE PUJOL,PUJOL (AV CAMILLE PUJOL),129,3105551584,Toulouse,31555,3547
" 43.600840084684364,1.4735574395220152","{""coordinates"": [[1.473557439522015, 43.600840084684364]], ""type"": ""MultiPoint""}",214 - CASTRES ACHIARY Nombre bornettes : 17 adresse : 48 AV DE CASTRES En service : oui,CASTRES ACHIARY,214,17,oui,AV DE CASTRES,CASTRES (AV DE CASTRES),48,3105551772,Toulouse,31555,1380
" 43.62766505841645,1.4619430959163093","{""coordinates"": [[1.461943095916309, 43.62766505841645]], ""type"": ""MultiPoint""}",218 - AMOUROUX SAINTE AUGUSTINE Nombre bornettes : 18 adresse : 24B CHE AMOUROUX En service : oui,AMOUROUX SAINTE AUGUSTINE,218,18,oui,CHE AMOUROUX,AMOUROUX (CHE AMOUROUX),24B,3105550260,Toulouse,31555,1325
" 43.63269301149928,1.4631526071125471","{""coordinates"": [[1.463152607112547, 43.63269301149928]], ""type"": ""MultiPoint""}",169 - ALBI AVRANCHES Nombre bornettes : 18 adresse : 78 RTE D ALBI En service : oui,ALBI AVRANCHES,169,18,oui,RTE D ALBI,ALBI (RTE D ALBI),78,3105550124,Toulouse,31555,4571
" 43.635584410566864,1.4642670117336676","{""coordinates"": [[1.464267011733668, 43.635584410566864]], ""type"": ""MultiPoint""}",170 - CROIX DAURADE BIBLIOTHEQUE Nombre bornettes : 17 adresse : 164 CHE DE NICOL En service : oui,CROIX DAURADE BIBLIOTHEQUE,170,17,oui,CHE DE NICOL,NICOL (CHE DE NICOL),164,3105556262,Toulouse,31555,3742
" 43.617008874644455,1.4083882642500236","{""coordinates"": [[1.408388264250024, 43.617008874644455]], ""type"": ""MultiPoint""}",240 - JOB BLAGNAC Nombre bornettes : 20 adresse : 112 RTE DE BLAGNAC En service : oui,JOB BLAGNAC,240,20,oui,RTE DE BLAGNAC,BLAGNAC (RTE DE BLAGNAC),112,3105551180,Toulouse,31555,8963
" 43.61431422262918,1.4617646006968488","{""coordinates"": [[1.461764600696849, 43.61431422262918]], ""type"": ""MultiPoint""}",251 - JOLIMONT Nombre bornettes : 20 adresse : 26 AV LEON BLUM En service : oui,JOLIMONT,251,20,oui,AV LEON BLUM,BLUM (AV LEON BLUM),26,3105555152,Toulouse,31555,3626
" 43.59640320206793,1.4566037724807395","{""coordinates"": [[1.456603772480739, 43.59640320206793]], ""type"": ""MultiPoint""}",15 - PORT SAINT SAUVEUR Nombre bornettes : 20 adresse : 22 PORT SAINT SAUVEUR En service : oui,PORT SAINT SAUVEUR,15,20,oui,PORT SAINT SAUVEUR,SAUVEUR (PORT SAINT SAUVEUR),22,3105558066,Toulouse,31555,11525
" 43.63830406220059,1.4650296662083289","{""coordinates"": [[1.465029666208329, 43.63830406220059]], ""type"": ""MultiPoint""}",249 - MAIRIE CROIX DAURADE Nombre bornettes : 18 adresse : 159 RTE D ALBI En service : oui,MAIRIE CROIX DAURADE,249,18,oui,RTE D ALBI,ALBI (RTE D ALBI),159,3105550124,Toulouse,31555,2536
" 43.596029106583416,1.4102196450188622","{""coordinates"": [[1.410219645018862, 43.596029106583416]], ""type"": ""MultiPoint""}",9 - ELLA MAILLART - ROQUEMAUREL Nombre bornettes : 17 adresse : 8 RUE ELLA MAILLART En service : oui,ELLA MAILLART - ROQUEMAUREL,9,17,oui,RUE ELLA MAILLART,MAILLART (RUE ELLA MAILLART),8,3105552941,Toulouse,31555,0
" 43.59305355100757,1.4145535445621198","{""coordinates"": [[1.41455354456212, 43.59305355100757]], ""type"": ""MultiPoint""}",250 - 11 NOVEMBRE 1918 Nombre bornettes : 20 adresse : 00 RUE DU ONZE NOVEMBRE 1918 En service : oui,11 NOVEMBRE 1918,250,20,oui,RUE DU ONZE NOVEMBRE 1918,NOVEMBRE 1918 (RUE DU ONZE NOVEMBRE 1918),0,3105556383,Toulouse,31555,4114
" 43.63808850046288,1.4446623225991713","{""coordinates"": [[1.444662322599171, 43.63808850046288]], ""type"": ""MultiPoint""}",283 - PLACE MICOULEAU Nombre bornettes : 0 adresse :  PL MICOULAUD En service : oui,PLACE MICOULEAU,283,0,oui,PL MICOULAUD,MICOULAUD (PL MICOULAUD),,,Toulouse,31555,2667
" 43.60070585181058,1.4835837536094043","{""coordinates"": [[1.483583753609404, 43.60070585181058]], ""type"": ""MultiPoint""}",257 - CHÂTEAU DE L'HERS Nombre bornettes : 0 adresse :  CHE DU CHATEAU DE L HERS En service : oui,CHÂTEAU DE L'HERS,257,0,oui,CHE DU CHATEAU DE L HERS,HERS (CHE DU CHATEAU DE L HERS),,,Toulouse,31555,1357
" 43.58145094453455,1.3887837991612728","{""coordinates"": [[1.388783799161273, 43.58145094453455]], ""type"": ""MultiPoint""}",275 - PLACE DES PRADETTES Nombre bornettes : 0 adresse :  PL DES PRADETTES En service : oui,PLACE DES PRADETTES,275,0,oui,PL DES PRADETTES,PRADETTES (PL DES PRADETTES),,,Toulouse,31555,3060
" 43.57915718752971,1.3926060728374177","{""coordinates"": [[1.392606072837418, 43.57915718752971]], ""type"": ""MultiPoint""}",273 - IZAR Nombre bornettes : 0 adresse :  RPT LOUIS IZAR En service : oui,IZAR,273,0,oui,RPT LOUIS IZAR,IZAR (RPT LOUIS IZAR),,,Toulouse,31555,1265
" 43.58989072038696,1.3778415896330636","{""coordinates"": [[1.377841589633064, 43.58989072038696]], ""type"": ""MultiPoint""}",269 - PLACE SAUVEGRAIN Nombre bornettes : 18 adresse :  PL JACQUES SAUVEGRAIN En service : oui,PLACE SAUVEGRAIN,269,18,oui,PL JACQUES SAUVEGRAIN,SAUVEGRAIN (PL JACQUES SAUVEGRAIN),,3105558180,Toulouse,31555,2963
" 43.62400395701295,1.427827514701506","{""coordinates"": [[1.427827514701506, 43.62400395701295]], ""type"": ""MultiPoint""}",270 - TRENTIN Nombre bornettes : 0 adresse :  BD SILVIO TRENTIN En service : oui,TRENTIN,270,0,oui,BD SILVIO TRENTIN,TRENTIN (BD SILVIO TRENTIN),,3105558356,Toulouse,31555,6833
" 43.60007786151729,1.449318017941392","{""coordinates"": [[1.449318017941392, 43.60007786151729]], ""type"": ""MultiPoint""}",24 - PLACE SAINT ETIENNE Nombre bornettes : 20 adresse : 14 PL SAINT ETIENNE En service : oui,PLACE SAINT ETIENNE,24,20,oui,PL SAINT ETIENNE,ETIENNE (PL SAINT ETIENNE),14,3105557756,Toulouse,31555,23228
" 43.601868122068886,1.4403277739950149","{""coordinates"": [[1.440327773995015, 43.601868122068886]], ""type"": ""MultiPoint""}",11 - PLACE DE LA DAURADE Nombre bornettes : 28 adresse : 2 PL DE LA DAURADE En service : oui,PLACE DE LA DAURADE,11,28,oui,PL DE LA DAURADE,DAURADE (PL DE LA DAURADE),2,3105552520,Toulouse,31555,63191
" 43.60017609730198,1.4547906378350368","{""coordinates"": [[1.454790637835037, 43.60017609730198]], ""type"": ""MultiPoint""}",43 - PLACE DUPUY Nombre bornettes : 22 adresse : 14 PL DOMINIQUE MARTIN DUPUY En service : oui,PLACE DUPUY,43,22,oui,PL DOMINIQUE MARTIN DUPUY,DUPUY (PL DOMINIQUE MARTIN DUPUY),14,3105552828,Toulouse,31555,35146
" 43.60407911724157,1.4501536875708483","{""coordinates"": [[1.450153687570848, 43.60407911724157]], ""type"": ""MultiPoint""}",21 - CARNOT - LABEDA Nombre bornettes : 22 adresse : 63 BD LAZARE CARNOT En service : oui,CARNOT - LABEDA,21,22,oui,BD LAZARE CARNOT,CARNOT (BD LAZARE CARNOT),63,3105555132,Toulouse,31555,27827
" 43.596457081845244,1.4509283430474245","{""coordinates"": [[1.450928343047424, 43.596457081845244]], ""type"": ""MultiPoint""}",66 - JARDIN ROYAL Nombre bornettes : 23 adresse : 0 RUE DU HUIT MAI 1945 En service : oui,JARDIN ROYAL,66,23,oui,RUE DU HUIT MAI 1945,MAI 1945 (RUE DU HUIT MAI 1945),0,3105554272,Toulouse,31555,10366
" 43.5998933087258,1.4294674882831921","{""coordinates"": [[1.429467488283192, 43.5998933087258]], ""type"": ""MultiPoint""}",81 - JARDIN RAYMOND VI Nombre bornettes : 33 adresse : 76 ALL CHARLES DE FITTE En service : oui,JARDIN RAYMOND VI,81,33,oui,ALL CHARLES DE FITTE,FITTE (ALL CHARLES DE FITTE),76,3105551920,Toulouse,31555,18722
" 43.6103968143955,1.443084502694961","{""coordinates"": [[1.443084502694961, 43.6103968143955]], ""type"": ""MultiPoint""}",57 - MERLY -  ARCOLE Nombre bornettes : 15 adresse : 15 RUE MERLY En service : oui,MERLY -  ARCOLE,57,15,oui,RUE MERLY,MERLY (RUE MERLY),15,3105555896,Toulouse,31555,21995
" 43.607390030675205,1.439462417270893","{""coordinates"": [[1.439462417270893, 43.607390030675205]], ""type"": ""MultiPoint""}",31 - SALENQUES Nombre bornettes : 17 adresse : 7 RUE DES SALENQUES En service : oui,SALENQUES,31,17,oui,RUE DES SALENQUES,SALENQUES (RUE DES SALENQUES),7,3105558100,Toulouse,31555,25797
" 43.60576742158271,1.44648864765214","{""coordinates"": [[1.44648864765214, 43.60576742158271]], ""type"": ""MultiPoint""}",7 - PLACE VICTOR HUGO Nombre bornettes : 26 adresse : 6 RUE DU REMPART VILLENEUVE En service : oui,PLACE VICTOR HUGO,7,26,oui,RUE DU REMPART VILLENEUVE,VILLENEUVE (RUE DU REMPART VILLENEUVE),6,3105557388,Toulouse,31555,24768
" 43.605135773487454,1.4422810293369153","{""coordinates"": [[1.442281029336915, 43.605135773487454]], ""type"": ""MultiPoint""}",6 - LOIS Nombre bornettes : 20 adresse : 5 RUE DES LOIS En service : oui,LOIS,6,20,oui,RUE DES LOIS,LOIS (RUE DES LOIS),5,3105555304,Toulouse,31555,4839
" 43.60904852048446,1.442693508344861","{""coordinates"": [[1.442693508344861, 43.60904852048446]], ""type"": ""MultiPoint""}",56 - SAINT SERNIN  -  MERLY Nombre bornettes : 14 adresse : 1 RUE MERLY En service : oui,SAINT SERNIN  -  MERLY,56,14,oui,RUE MERLY,MERLY (RUE MERLY),1,3105555896,Toulouse,31555,11912
" 43.60349485874521,1.4360829406224067","{""coordinates"": [[1.436082940622407, 43.60349485874521]], ""type"": ""MultiPoint""}",28 - PLACE SAINT PIERRE Nombre bornettes : 22 adresse : 6 PL SAINT PIERRE En service : oui,PLACE SAINT PIERRE,28,22,oui,PL SAINT PIERRE,PIERRE (PL SAINT PIERRE),6,3105557948,Toulouse,31555,36588
" 43.59741756005313,1.4452779308115777","{""coordinates"": [[1.445277930811578, 43.59741756005313]], ""type"": ""MultiPoint""}",46 - PLACE DES CARMES Nombre bornettes : 20 adresse : 37 PL DES CARMES En service : oui,PLACE DES CARMES,46,20,oui,PL DES CARMES,CARMES (PL DES CARMES),37,3105551708,Toulouse,31555,46808
" 43.604602776358384,1.4404250849182774","{""coordinates"": [[1.440425084918277, 43.604602776358384]], ""type"": ""MultiPoint""}",12 - PARGAMINIERES Nombre bornettes : 23 adresse : 66 RUE PARGAMINIERES En service : oui,PARGAMINIERES,12,23,oui,RUE PARGAMINIERES,PARGAMINIERES (RUE PARGAMINIERES),66,3105556540,Toulouse,31555,37858
" 43.60037317706388,1.4449026899518553","{""coordinates"": [[1.444902689951855, 43.60037317706388]], ""type"": ""MultiPoint""}",10 - PLACE ESQUIROL Nombre bornettes : 18 adresse : 15 PL ETIENNE ESQUIROL En service : oui,PLACE ESQUIROL,10,18,oui,PL ETIENNE ESQUIROL,ESQUIROL (PL ETIENNE ESQUIROL),15,3105553084,Toulouse,31555,102470
" 43.60785838772488,1.4466662429130326","{""coordinates"": [[1.446666242913033, 43.60785838772488]], ""type"": ""MultiPoint""}",16 - STRASBOURG  -  BAYARD Nombre bornettes : 21 adresse : 32 BD DE STRASBOURG En service : oui,STRASBOURG  -  BAYARD,16,21,oui,BD DE STRASBOURG,STRASBOURG (BD DE STRASBOURG),32,3105558328,Toulouse,31555,36251
" 43.60104747901702,1.434133556962294","{""coordinates"": [[1.434133556962294, 43.60104747901702]], ""type"": ""MultiPoint""}",79 - PLACE LANGE Nombre bornettes : 19 adresse : 1 PL LANGE En service : oui,PLACE LANGE,79,19,oui,PL LANGE,LANGE (PL LANGE),1,3105554996,Toulouse,31555,8763
" 43.59631475822683,1.4321437395445664","{""coordinates"": [[1.432143739544566, 43.59631475822683]], ""type"": ""MultiPoint""}",73 - FITTE - TEINTURIERS Nombre bornettes : 17 adresse : 40 ALL CHARLES DE FITTE En service : oui,FITTE - TEINTURIERS,73,17,oui,ALL CHARLES DE FITTE,FITTE (ALL CHARLES DE FITTE),40,3105551920,Toulouse,31555,18408
" 43.59430625305807,1.4488220949578958","{""coordinates"": [[1.448822094957896, 43.59430625305807]], ""type"": ""MultiPoint""}",67 - MUSEUM Nombre bornettes : 28 adresse : 35 ALL JULES GUESDE En service : oui,MUSEUM,67,28,oui,ALL JULES GUESDE,GUESDE (ALL JULES GUESDE),35,3105554812,Toulouse,31555,25392
" 43.60743620001848,1.4446539258566566","{""coordinates"": [[1.444653925856657, 43.60743620001848]], ""type"": ""MultiPoint""}",14 - PERIGORD Nombre bornettes : 20 adresse : 26 RUE DE PERIGORD En service : oui,PERIGORD,14,20,oui,RUE DE PERIGORD,PERIGORD (RUE DE PERIGORD),26,3105556756,Toulouse,31555,17684
" 43.61046941134449,1.452756025098989","{""coordinates"": [[1.452756025098989, 43.61046941134449]], ""type"": ""MultiPoint""}",61 - BONREPOS Nombre bornettes : 25 adresse : 8T BD DE BONREPOS En service : oui,BONREPOS,61,25,oui,BD DE BONREPOS,BONREPOS (BD DE BONREPOS),8T,3105551256,Toulouse,31555,27856
" 43.613150786582445,1.4413370361733602","{""coordinates"": [[1.44133703617336, 43.613150786582445]], ""type"": ""MultiPoint""}",92 - CHALETS Nombre bornettes : 13 adresse : 31 RUE DES CHALETS En service : oui,CHALETS,92,13,oui,RUE DES CHALETS,CHALETS (RUE DES CHALETS),31,3105551852,Toulouse,31555,16138
" 43.60997859531561,1.4196129266982418","{""coordinates"": [[1.419612926698242, 43.60997859531561]], ""type"": ""MultiPoint""}",119 - CHAPOU Nombre bornettes : 24 adresse : 129 ALL DE BRIENNE En service : oui,CHAPOU,119,24,oui,ALL DE BRIENNE,BRIENNE (ALL DE BRIENNE),129,3105551424,Toulouse,31555,24475
" 43.60983569738909,1.4552800255487068","{""coordinates"": [[1.455280025548707, 43.60983569738909]], ""type"": ""MultiPoint""}",96 - MEDIATHEQUE Nombre bornettes : 25 adresse : 1 ALL JACQUES CHABAN DELMAS En service : oui,MEDIATHEQUE,96,25,oui,ALL JACQUES CHABAN DELMAS,DELMAS (ALL JACQUES CHABAN DELMAS),1,3105554399,Toulouse,31555,36114
" 43.58575680494193,1.4474339170478223","{""coordinates"": [[1.447433917047822, 43.58575680494193]], ""type"": ""MultiPoint""}",128 - MAISON D'ARRET ST MICHEL Nombre bornettes : 20 adresse : 18B GRANDE-RUE SAINT MICHEL En service : oui,MAISON D'ARRET ST MICHEL,128,20,oui,GRANDE-RUE SAINT MICHEL,MICHEL (GRANDE-RUE SAINT MICHEL),18B,3105557916,Toulouse,31555,35022
" 43.60748150987429,1.4517112728937176","{""coordinates"": [[1.451711272893718, 43.60748150987429]], ""type"": ""MultiPoint""}",38 - JAURES -  BACHELIER Nombre bornettes : 20 adresse : 60 ALL JEAN JAURES En service : oui,JAURES -  BACHELIER,38,20,oui,ALL JEAN JAURES,JAURES (ALL JEAN JAURES),60,3105554600,Toulouse,31555,20931
" 43.62297444854654,1.4344504287446904","{""coordinates"": [[1.43445042874469, 43.62297444854654]], ""type"": ""MultiPoint""}",132 - MINIMES - BAQUE Nombre bornettes : 15 adresse : 101 AV DES MINIMES En service : oui,MINIMES - BAQUE,132,15,oui,AV DES MINIMES,MINIMES (AV DES MINIMES),101,3105555956,Toulouse,31555,9271
" 43.59059399559864,1.44529342011539","{""coordinates"": [[1.44529342011539, 43.59059399559864]], ""type"": ""MultiPoint""}",103 - ST MICHEL - STE CATHERINE Nombre bornettes : 20 adresse : 139 GRANDE-RUE SAINT MICHEL En service : oui,ST MICHEL - STE CATHERINE,103,20,oui,GRANDE-RUE SAINT MICHEL,MICHEL (GRANDE-RUE SAINT MICHEL),139,3105557916,Toulouse,31555,24536
" 43.58862637154964,1.4506527457178975","{""coordinates"": [[1.450652745717897, 43.58862637154964]], ""type"": ""MultiPoint""}",118 - PLACE DU BUSCA Nombre bornettes : 17 adresse : 2 PL DU BUSCA En service : oui,PLACE DU BUSCA,118,17,oui,PL DU BUSCA,BUSCA (PL DU BUSCA),2,3105551464,Toulouse,31555,18533
" 43.58542148556378,1.4530155515505014","{""coordinates"": [[1.453015551550501, 43.58542148556378]], ""type"": ""MultiPoint""}",112 - PLACE RUSSEL -  BRANLY Nombre bornettes : 18 adresse : 47 ALL EDOUARD BRANLY En service : oui,PLACE RUSSEL -  BRANLY,112,18,oui,ALL EDOUARD BRANLY,BRANLY (ALL EDOUARD BRANLY),47,3105552896,Toulouse,31555,16325
" 43.600910117286986,1.4507244142551228","{""coordinates"": [[1.450724414255123, 43.600910117286986]], ""type"": ""MultiPoint""}",99 - METZ  - REMPART ST ETIENNE Nombre bornettes : 20 adresse : 5 RUE DU REMPART ST ETIENNE En service : oui,METZ  - REMPART ST ETIENNE,99,20,oui,RUE DU REMPART ST ETIENNE,ETIENNE (RUE DU REMPART ST ETIENNE),5,3105557384,Toulouse,31555,19637
" 43.60037216956467,1.4202843039454516","{""coordinates"": [[1.420284303945452, 43.60037216956467]], ""type"": ""MultiPoint""}",137 - BRUNHES FONTAINES Nombre bornettes : 55 adresse : 55 BD JEAN BRUNHES En service : oui,BRUNHES FONTAINES,137,55,oui,BD JEAN BRUNHES,BRUNHES (BD JEAN BRUNHES),55,3105554524,Toulouse,31555,16870
" 43.59550212593381,1.4184399275505835","{""coordinates"": [[1.418439927550583, 43.59550212593381]], ""type"": ""MultiPoint""}",139 - BARRIERE DE LOMBEZ Nombre bornettes : 20 adresse : 39 AV DE LOMBEZ En service : oui,BARRIERE DE LOMBEZ,139,20,oui,AV DE LOMBEZ,LOMBEZ (AV DE LOMBEZ),39,3105555308,Toulouse,31555,18986
" 43.60684128842714,1.45804986995685","{""coordinates"": [[1.45804986995685, 43.60684128842714]], ""type"": ""MultiPoint""}",176 - GENERAL COMPANS Nombre bornettes : 18 adresse : 1 RUE DU GEN JEAN COMPANS En service : oui,GENERAL COMPANS,176,18,oui,RUE DU GEN JEAN COMPANS,COMPANS (RUE DU GEN JEAN COMPANS),1,3105552250,Toulouse,31555,13172
" 43.61744620673691,1.4654840480703735","{""coordinates"": [[1.465484048070373, 43.61744620673691]], ""type"": ""MultiPoint""}",177 - BAILLAUD BRUNAUD Nombre bornettes : 20 adresse : 64 RUE BENJAMIN BAILLAUD En service : oui,BAILLAUD BRUNAUD,177,20,oui,RUE BENJAMIN BAILLAUD,BAILLAUD (RUE BENJAMIN BAILLAUD),64,3105551044,Toulouse,31555,1396
" 43.61931165859471,1.4687286795154042","{""coordinates"": [[1.468728679515404, 43.61931165859471]], ""type"": ""MultiPoint""}",178 - PLACE DE LA ROSERAIE Nombre bornettes : 20 adresse : 98 AV YVES BRUNAUD En service : oui,PLACE DE LA ROSERAIE,178,20,oui,AV YVES BRUNAUD,BRUNAUD (AV YVES BRUNAUD),98,3105558972,Toulouse,31555,10271
" 43.60596153656217,1.481748495217635","{""coordinates"": [[1.481748495217635, 43.60596153656217]], ""type"": ""MultiPoint""}",182 - CHAUBET Nombre bornettes : 20 adresse : 158 AV JEAN CHAUBET En service : oui,CHAUBET,182,20,oui,AV JEAN CHAUBET,CHAUBET (AV JEAN CHAUBET),158,3105554540,Toulouse,31555,3214
" 43.627195342971916,1.4656054339802924","{""coordinates"": [[1.465605433980292, 43.627195342971916]], ""type"": ""MultiPoint""}",185 - ROUBICHOU ARLES Nombre bornettes : 15 adresse : 30 RUE ROUBICHOU En service : oui,ROUBICHOU ARLES,185,15,oui,RUE ROUBICHOU,ROUBICHOU (RUE ROUBICHOU),30,3105557648,Toulouse,31555,1821
" 43.584576424898785,1.415706813175606","{""coordinates"": [[1.415706813175606, 43.584576424898785]], ""type"": ""MultiPoint""}",187 - DESBALS MONT DORE Nombre bornettes : 15 adresse : 187 RUE HENRI DESBALS En service : oui,DESBALS MONT DORE,187,15,oui,RUE HENRI DESBALS,DESBALS (RUE HENRI DESBALS),187,3105554140,Toulouse,31555,4897
" 43.594888484119785,1.4150828224224636","{""coordinates"": [[1.415082822422464, 43.594888484119785]], ""type"": ""MultiPoint""}",193 - LOMBEZ PETITE VITESSE Nombre bornettes : 20 adresse : 59 AV DE LOMBEZ En service : oui,LOMBEZ PETITE VITESSE,193,20,oui,AV DE LOMBEZ,LOMBEZ (AV DE LOMBEZ),59,3105555308,Toulouse,31555,12438
" 43.600301196856314,1.464048912851142","{""coordinates"": [[1.464048912851142, 43.600301196856314]], ""type"": ""MultiPoint""}",197 - CASERNE PERIGNON Nombre bornettes : 20 adresse : 6 AV LOUIS BLERIOT En service : oui,CASERNE PERIGNON,197,20,oui,AV LOUIS BLERIOT,BLERIOT (AV LOUIS BLERIOT),6,3105555360,Toulouse,31555,3279
" 43.579748887351386,1.4808318035081534","{""coordinates"": [[1.480831803508153, 43.579748887351386]], ""type"": ""MultiPoint""}",201 - POTEZ SAINT EXUPERY Nombre bornettes : 20 adresse : 256 AV ANTOINE DE ST EXUPERY En service : oui,POTEZ SAINT EXUPERY,201,20,oui,AV ANTOINE DE ST EXUPERY,EXUPERY (AV ANTOINE DE ST EXUPERY),256,3105557772,Toulouse,31555,4215
" 43.5895508466908,1.478886353524035","{""coordinates"": [[1.478886353524035, 43.5895508466908]], ""type"": ""MultiPoint""}",209 - BAROUX DARASSE Nombre bornettes : 17 adresse : 4 AV LUCIEN BAROUX En service : oui,BAROUX DARASSE,209,17,oui,AV LUCIEN BAROUX,BAROUX (AV LUCIEN BAROUX),4,3105555446,Toulouse,31555,476
" 43.61521779582369,1.4654589134527813","{""coordinates"": [[1.465458913452781, 43.61521779582369]], ""type"": ""MultiPoint""}",212 - CRETES CHAUMIERES Nombre bornettes : 17 adresse : 0 RUE DE LA CHAUMIERE En service : oui,CRETES CHAUMIERES,212,17,oui,RUE DE LA CHAUMIERE,CHAUMIERE (RUE DE LA CHAUMIERE),0,3105551989,Toulouse,31555,1189
" 43.61456569306593,1.4112108995674528","{""coordinates"": [[1.411210899567453, 43.61456569306593]], ""type"": ""MultiPoint""}",219 - PUCCINI BLAGNAC Nombre bornettes : 18 adresse : 35 RUE GIACOMO PUCCINI En service : oui,PUCCINI BLAGNAC,219,18,oui,RUE GIACOMO PUCCINI,PUCCINI (RUE GIACOMO PUCCINI),35,3105553888,Toulouse,31555,4778
" 43.56651946833641,1.4586636326797364","{""coordinates"": [[1.458663632679736, 43.56651946833641]], ""type"": ""MultiPoint""}",233 - NARBONNE SAHUQUE Nombre bornettes : 20 adresse : 105 RTE DE NARBONNE En service : oui,NARBONNE SAHUQUE,233,20,oui,RTE DE NARBONNE,NARBONNE (RTE DE NARBONNE),105,3105556196,Toulouse,31555,11124
" 43.56920620842971,1.45634916182147","{""coordinates"": [[1.45634916182147, 43.56920620842971]], ""type"": ""MultiPoint""}",232 - NARBONNE MIROUSE Nombre bornettes : 18 adresse : 64 RTE DE NARBONNE En service : oui,NARBONNE MIROUSE,232,18,oui,RTE DE NARBONNE,NARBONNE (RTE DE NARBONNE),64,3105556196,Toulouse,31555,11081
" 43.635787544187295,1.4438358337753594","{""coordinates"": [[1.443835833775359, 43.635787544187295]], ""type"": ""MultiPoint""}",244 - RENAN VITRY Nombre bornettes : 18 adresse : 93 RUE ERNEST RENAN En service : oui,RENAN VITRY,244,18,oui,RUE ERNEST RENAN,RENAN (RUE ERNEST RENAN),93,3105553044,Toulouse,31555,2773
" 43.5998396180337,1.4150986870106073","{""coordinates"": [[1.415098687010607, 43.5998396180337]], ""type"": ""MultiPoint""}",245 - GRANDE BRETAGNE BADIOU Nombre bornettes : 20 adresse : 103B AV DE GRANDE BRETAGNE En service : oui,GRANDE BRETAGNE BADIOU,245,20,oui,AV DE GRANDE BRETAGNE,BRETAGNE (AV DE GRANDE BRETAGNE),103B,3105553984,Toulouse,31555,7506
" 43.59399236686032,1.4102831820975668","{""coordinates"": [[1.410283182097567, 43.59399236686032]], ""type"": ""MultiPoint""}",194 - LOMBEZ HIPPODROME Nombre bornettes : 20 adresse : 93 AV DE LOMBEZ En service : oui,LOMBEZ HIPPODROME,194,20,oui,AV DE LOMBEZ,LOMBEZ (AV DE LOMBEZ),93,3105555308,Toulouse,31555,9812
" 43.62686082733758,1.4439969417350413","{""coordinates"": [[1.443996941735041, 43.62686082733758]], ""type"": ""MultiPoint""}",252 - NEGRENEYS Nombre bornettes : 20 adresse : 161 RUE DE NEGRENEYS En service : oui,NEGRENEYS,252,20,oui,RUE DE NEGRENEYS,NEGRENEYS (RUE DE NEGRENEYS),161,3105556236,Toulouse,31555,3271
" 43.618347630535766,1.4367155290784073","{""coordinates"": [[1.436715529078407, 43.618347630535766]], ""type"": ""MultiPoint""}",124 - MINIMES - SAINTE FAMILLE Nombre bornettes : 20 adresse : 22 AV DES MINIMES En service : oui,MINIMES - SAINTE FAMILLE,124,20,oui,AV DES MINIMES,MINIMES (AV DES MINIMES),22,3105555956,Toulouse,31555,22017
" 43.63543760328883,1.4728332149818273","{""coordinates"": [[1.472833214981827, 43.63543760328883]], ""type"": ""MultiPoint""}",272 - VASSEUR Nombre bornettes : 18 adresse :  RUE ANDRE VASSEUR En service : oui,VASSEUR,272,18,oui,RUE ANDRE VASSEUR,VASSEUR (RUE ANDRE VASSEUR),,,Toulouse,31555,3452
" 43.57693047504276,1.4400758196550865","{""coordinates"": [[1.440075819655086, 43.57693047504276]], ""type"": ""MultiPoint""}",255 - SELLIER Nombre bornettes : 0 adresse :  ALL HENRI SELLIER En service : oui,SELLIER,255,0,oui,ALL HENRI SELLIER,SELLIER (ALL HENRI SELLIER),,,Toulouse,31555,3378
" 43.57399072470807,1.4194803209119602","{""coordinates"": [[1.41948032091196, 43.57399072470807]], ""type"": ""MultiPoint""}",274 - GALLIENI Nombre bornettes : 0 adresse :  RTE DE SEYSSES En service : oui,GALLIENI,274,0,oui,RTE DE SEYSSES,SEYSSES (RTE DE SEYSSES),,,Toulouse,31555,4967
" 43.60850426213315,1.3971940640576161","{""coordinates"": [[1.397194064057616, 43.60850426213315]], ""type"": ""MultiPoint""}",268 - BAYLAC Nombre bornettes : 0 adresse :  AV DES ARENES ROMAINES En service : oui,BAYLAC,268,0,oui,AV DES ARENES ROMAINES,ROMAINES (AV DES ARENES ROMAINES),,3105550448,Toulouse,31555,4874
" 43.614199950942364,1.397067309333225","{""coordinates"": [[1.397067309333225, 43.614199950942364]], ""type"": ""MultiPoint""}",278 - ARÈNES ROMAINES Nombre bornettes : 0 adresse :  AV DES ARENES ROMAINES En service : oui,ARÈNES ROMAINES,278,0,oui,AV DES ARENES ROMAINES,ROMAINES (AV DES ARENES ROMAINES),,3105550448,Toulouse,31555,3942
" 43.61933131251202,1.3969881689033063","{""coordinates"": [[1.396988168903306, 43.61933131251202]], ""type"": ""MultiPoint""}",271 - ANCELY Nombre bornettes : 0 adresse : 110 AV DES ARENES ROMAINES En service : oui,ANCELY,271,0,oui,AV DES ARENES ROMAINES,ROMAINES (AV DES ARENES ROMAINES),110,3105550448,Toulouse,31555,3887
